2002,Адыгея,1859.01666666667
2002,Алтайский край,2404.625
2002,Амурская область,2754.90833333333
2002,Архангельская область,3139.83333333333
2002,Астраханская область,2483.66666666667
2002,Башкортостан,2942.55
2002,Белгородская область,2198.875
2002,Брянская область,2126.75
2002,Бурятия,2644.3
2002,Владимирская область,1772.39166666667
2002,Волгоградская область,2657.1
2002,Вологодская область,2732.55833333333
2002,Воронежская область,2470.16666666667
2002,Дагестан,1293.125
2002,Еврейская автономная область,2794.36666666667
2002,Забайкальский край,2684.44166666667
2002,Ивановская область,1592.65833333333
2002,Ингушетия,836.858333333333
2002,Иркутская область,3130.13333333333
2002,Кабардино-Балкария,2003.31666666667
2002,Калининградская область,2742.725
2002,Калмыкия,1406.375
2002,Калужская область,2406.88333333333
2002,Камчатский край,4588.25833333333
2002,Карачаево-Черкесия,1894.84166666667
2002,Карелия,3205.38333333333
2002,Кемеровская область,3119.83333333333
2002,Кировская область,2335.725
2002,Костромская область,2321.1
2002,Краснодарский край,2827.80833333333
2002,Красноярский край,3829.10833333333
2002,Крым,
2002,Курганская область,2232.94166666667
2002,Курская область,2201.8
2002,Ленинградская область,2718.1
2002,Липецкая область,2472.11666666667
2002,Магаданская область,4524.09166666667
2002,Марий Эл,1848.20833333333
2002,Мордовия,1773.39166666667
2002,Москва,11883.6083333333
2002,Московская область,3010.65833333333
2002,Мурманская область,4457.91666666667
2002,Ненецкий автономный округ,3139.83333333333
2002,Нижегородская область,2642.30833333333
2002,Новгородская область,2666.56666666667
2002,Новосибирская область,3590.95833333333
2002,Омская область,2698.225
2002,Оренбургская область,1942.88333333333
2002,Орловская область,2475.70833333333
2002,Пензенская область,1989.55833333333
2002,Пермский край,3241.675
2002,Приморский край,2996.425
2002,Псковская область,2662.25833333333
2002,Республика Алтай,2003.55833333333
2002,Республика Коми,4486.5
2002,Республика Тыва,1842.875
2002,Ростовская область,2842.70833333333
2002,Рязанская область,2302.78333333333
2002,Самарская область,4794.90833333333
2002,Санкт-Петербург,4199.46666666667
2002,Саратовская область,2363.29166666667
2002,Сахалинская область,4171.01666666667
2002,Свердловская область,3290.75
2002,Севастополь,
2002,Северная Осетия,2099.88333333333
2002,Смоленская область,2718.1
2002,Ставропольский край,2436.23333333333
2002,Тамбовская область,2252.725
2002,Татарстан,3032.175
2002,Тверская область,2226.8
2002,Томская область,3275.08333333333
2002,Тульская область,2104.225
2002,Тюменская область,5273.53333333333
2002,Удмуртия,2377.13333333333
2002,Ульяновская область,2223.925
2002,Хабаровский край,3992.025
2002,Хакасия,2359.11666666667
2002,Ханты-Мансийский автономный округ,5273.53333333333
2002,Челябинская область,2626.94166666667
2002,Чечня,
2002,Чувашия,2004.65833333333
2002,Чукотский автономный округ,7422.5
2002,Якутия,5326.825
2002,Ямало-Ненецкий автономный округ,5273.53333333333
2002,Ярославская область,2566.61666666667
2003,Адыгея,2130.64166666667
2003,Алтайский край,2981.05833333333
2003,Амурская область,3271.51666666667
2003,Архангельская область,3833.45833333333
2003,Астраханская область,2950.78333333333
2003,Башкортостан,3574.025
2003,Белгородская область,2604.5
2003,Брянская область,2590.55833333333
2003,Бурятия,3311.61666666667
2003,Владимирская область,2254.975
2003,Волгоградская область,3223.925
2003,Вологодская область,3212.80833333333
2003,Воронежская область,2884.3
2003,Дагестан,1866.49166666667
2003,Еврейская автономная область,3444.78333333333
2003,Забайкальский край,3420.38333333333
2003,Ивановская область,2005.89166666667
2003,Ингушетия,943.416666666667
2003,Иркутская область,3716.39166666667
2003,Кабардино-Балкария,2452.925
2003,Калининградская область,3193.425
2003,Калмыкия,1408.275
2003,Калужская область,3057.475
2003,Камчатский край,5177.63333333333
2003,Карачаево-Черкесия,2308.35
2003,Карелия,3764.55
2003,Кемеровская область,3802.25
2003,Кировская область,2615.23333333333
2003,Костромская область,2632.59166666667
2003,Краснодарский край,3456.98333333333
2003,Красноярский край,4533.86666666667
2003,Крым,
2003,Курганская область,2647.19166666667
2003,Курская область,2666.66666666667
2003,Ленинградская область,3285.91666666667
2003,Липецкая область,2938.6
2003,Магаданская область,5533.78333333333
2003,Марий Эл,2215.35833333333
2003,Мордовия,2078.64166666667
2003,Москва,13956.2916666667
2003,Московская область,3819.725
2003,Мурманская область,5416.14166666667
2003,Ненецкий автономный округ,3833.45833333333
2003,Нижегородская область,3244.89166666667
2003,Новгородская область,3107.50833333333
2003,Новосибирская область,4471.875
2003,Омская область,3344.975
2003,Оренбургская область,2284.36666666667
2003,Орловская область,2841.675
2003,Пензенская область,2323.275
2003,Пермский край,3916.35833333333
2003,Приморский край,3663.51666666667
2003,Псковская область,3260.1
2003,Республика Алтай,2647.49166666667
2003,Республика Коми,5504.85833333333
2003,Республика Тыва,2219.09166666667
2003,Ростовская область,3447.60833333333
2003,Рязанская область,2703.625
2003,Самарская область,5460.73333333333
2003,Санкт-Петербург,5103.9
2003,Саратовская область,2764.39166666667
2003,Сахалинская область,5501.71666666667
2003,Свердловская область,4118.75
2003,Севастополь,
2003,Северная Осетия,2422.60833333333
2003,Смоленская область,3285.91666666667
2003,Ставропольский край,2979.29166666667
2003,Тамбовская область,2642.16666666667
2003,Татарстан,3753.06666666667
2003,Тверская область,2731.88333333333
2003,Томская область,4052.75833333333
2003,Тульская область,2579.56666666667
2003,Тюменская область,6546.00833333333
2003,Удмуртия,2710.55
2003,Ульяновская область,2844.20833333333
2003,Хабаровский край,4854.56666666667
2003,Хакасия,2778.25
2003,Ханты-Мансийский автономный округ,6546.00833333333
2003,Челябинская область,3243.125
2003,Чечня,
2003,Чувашия,2389.85833333333
2003,Чукотский автономный округ,9027.71666666667
2003,Якутия,6882.475
2003,Ямало-Ненецкий автономный округ,6546.00833333333
2003,Ярославская область,2912.625
2004,Адыгея,2764.35
2004,Алтайский край,3689.075
2004,Амурская область,4206.94166666667
2004,Архангельская область,4850.35833333333
2004,Астраханская область,3594.05833333333
2004,Башкортостан,4584.15
2004,Белгородская область,3285.23333333333
2004,Брянская область,3362.525
2004,Бурятия,4100.35
2004,Владимирская область,2816.125
2004,Волгоградская область,3989.15
2004,Вологодская область,3970.45
2004,Воронежская область,3664.925
2004,Дагестан,2742.31666666667
2004,Еврейская автономная область,4499.55
2004,Забайкальский край,4171.35
2004,Ивановская область,2575.31666666667
2004,Ингушетия,1152.93333333333
2004,Иркутская область,4552.9
2004,Кабардино-Балкария,3038.10833333333
2004,Калининградская область,3903.53333333333
2004,Калмыкия,2154.63333333333
2004,Калужская область,4024.81666666667
2004,Камчатский край,6031.375
2004,Карачаево-Черкесия,2870.53333333333
2004,Карелия,4751.11666666667
2004,Кемеровская область,4832.825
2004,Кировская область,3278.88333333333
2004,Костромская область,3375.81666666667
2004,Краснодарский край,4430.53333333333
2004,Красноярский край,5447.425
2004,Крым,
2004,Курганская область,3527.26666666667
2004,Курская область,3455.3
2004,Ленинградская область,3917.61666666667
2004,Липецкая область,3817.175
2004,Магаданская область,6410.95833333333
2004,Марий Эл,2870.15833333333
2004,Мордовия,2710.44166666667
2004,Москва,15802.8583333333
2004,Московская область,5261.775
2004,Мурманская область,6544.1
2004,Ненецкий автономный округ,4850.35833333333
2004,Нижегородская область,4103.775
2004,Новгородская область,3841.68333333333
2004,Новосибирская область,5309.59166666667
2004,Омская область,4262.51666666667
2004,Оренбургская область,2981.2
2004,Орловская область,3527.575
2004,Пензенская область,2994.525
2004,Пермский край,4872.7
2004,Приморский край,4620.86666666667
2004,Псковская область,4248.10833333333
2004,Республика Алтай,3359.84166666667
2004,Республика Коми,7013.65
2004,Республика Тыва,2828.2
2004,Ростовская область,4433.24166666667
2004,Рязанская область,3433.19166666667
2004,Самарская область,6800.1
2004,Санкт-Петербург,6760.95
2004,Саратовская область,3545.98333333333
2004,Сахалинская область,7022.38333333333
2004,Свердловская область,5362.08333333333
2004,Севастополь,
2004,Северная Осетия,3124.01666666667
2004,Смоленская область,3917.61666666667
2004,Ставропольский край,3870.68333333333
2004,Тамбовская область,3442.725
2004,Татарстан,4689.06666666667
2004,Тверская область,3863.70833333333
2004,Томская область,5266.475
2004,Тульская область,3347.89166666667
2004,Тюменская область,8256.35
2004,Удмуртия,3248.05833333333
2004,Ульяновская область,3422.58333333333
2004,Хабаровский край,6025.75833333333
2004,Хакасия,3283.33333333333
2004,Ханты-Мансийский автономный округ,8256.35
2004,Челябинская область,4077.875
2004,Чечня,
2004,Чувашия,2981.45
2004,Чукотский автономный округ,10269.8833333333
2004,Якутия,8081.44166666667
2004,Ямало-Ненецкий автономный округ,8256.35
2004,Ярославская область,3542.225
2005,Адыгея,3499.49166666667
2005,Алтайский край,4564.7
2005,Амурская область,5264.40833333333
2005,Архангельская область,6091.45
2005,Астраханская область,4606.29166666667
2005,Башкортостан,5930.85
2005,Белгородская область,4000.03333333333
2005,Брянская область,4159.21666666667
2005,Бурятия,5255.3
2005,Владимирская область,3487.85833333333
2005,Волгоградская область,5058.21666666667
2005,Вологодская область,4872.75833333333
2005,Воронежская область,4648.55
2005,Дагестан,3981.38333333333
2005,Еврейская автономная область,5749.46666666667
2005,Забайкальский край,5034.9
2005,Ивановская область,3239.61666666667
2005,Ингушетия,1389.6
2005,Иркутская область,5674.61666666667
2005,Кабардино-Балкария,4134.31666666667
2005,Калининградская область,5079.88333333333
2005,Калмыкия,2740.36666666667
2005,Калужская область,5053.63333333333
2005,Камчатский край,7773.83333333333
2005,Карачаево-Черкесия,3702.3
2005,Карелия,5812.41666666667
2005,Кемеровская область,6181.025
2005,Кировская область,4072.525
2005,Костромская область,4017.06666666667
2005,Краснодарский край,5593.64166666667
2005,Красноярский край,6523.3
2005,Крым,
2005,Курганская область,4337.625
2005,Курская область,4425.875
2005,Ленинградская область,4908.95833333333
2005,Липецкая область,4821.88333333333
2005,Магаданская область,7825.55833333333
2005,Марий Эл,3419.30833333333
2005,Мордовия,3355.09166666667
2005,Москва,18593.0166666667
2005,Московская область,6888.46666666667
2005,Мурманская область,8291.45833333333
2005,Ненецкий автономный округ,6091.45
2005,Нижегородская область,5199.60833333333
2005,Новгородская область,4739.98333333333
2005,Новосибирская область,7067.225
2005,Омская область,5544.6
2005,Оренбургская область,4116.84166666667
2005,Орловская область,4496.3
2005,Пензенская область,3780.7
2005,Пермский край,6304.275
2005,Приморский край,6057.875
2005,Псковская область,5122.675
2005,Республика Алтай,4084.13333333333
2005,Республика Коми,8609.025
2005,Республика Тыва,3513.41666666667
2005,Ростовская область,5646.39166666667
2005,Рязанская область,4291.98333333333
2005,Самарская область,8495.41666666667
2005,Санкт-Петербург,9170.78333333333
2005,Саратовская область,4477.76666666667
2005,Сахалинская область,9073.79166666667
2005,Свердловская область,7041.05
2005,Севастополь,
2005,Северная Осетия,4042.225
2005,Смоленская область,4908.95833333333
2005,Ставропольский край,5031.50833333333
2005,Тамбовская область,4416.45833333333
2005,Татарстан,6053.225
2005,Тверская область,5366.48333333333
2005,Томская область,6719.9
2005,Тульская область,4274.18333333333
2005,Тюменская область,10625.775
2005,Удмуртия,4039.625
2005,Ульяновская область,4261.8
2005,Хабаровский край,7692.33333333333
2005,Хакасия,3902.88333333333
2005,Ханты-Мансийский автономный округ,10625.775
2005,Челябинская область,5541.125
2005,Чечня,1132.025
2005,Чувашия,3743.23333333333
2005,Чукотский автономный округ,11792.6916666667
2005,Якутия,9453.78333333333
2005,Ямало-Ненецкий автономный округ,10625.775
2005,Ярославская область,4668.94166666667
2006,Адыгея,4172.63333333333
2006,Алтайский край,5870.96666666667
2006,Амурская область,6450.15833333333
2006,Архангельская область,7451.89166666667
2006,Астраханская область,5868.95833333333
2006,Башкортостан,7867.225
2006,Белгородская область,5334.78333333333
2006,Брянская область,5222.66666666667
2006,Бурятия,6287.05
2006,Владимирская область,4611.71666666667
2006,Волгоградская область,6203.1
2006,Вологодская область,6118.9
2006,Воронежская область,5572.71666666667
2006,Дагестан,5241.1
2006,Еврейская автономная область,6844.80833333333
2006,Забайкальский край,6118.90833333333
2006,Ивановская область,4229.60833333333
2006,Ингушетия,2196.875
2006,Иркутская область,7197.875
2006,Кабардино-Балкария,4772.36666666667
2006,Калининградская область,6741.75
2006,Калмыкия,3918.53333333333
2006,Калужская область,6420.99166666667
2006,Камчатский край,10439.5333333333
2006,Карачаево-Черкесия,4850.51666666667
2006,Карелия,7466.29166666667
2006,Кемеровская область,7900.38333333333
2006,Кировская область,4987.13333333333
2006,Костромская область,5161.11666666667
2006,Краснодарский край,7073.63333333333
2006,Красноярский край,8237.14166666667
2006,Крым,
2006,Курганская область,5845.80833333333
2006,Курская область,5833.775
2006,Ленинградская область,6030.15833333333
2006,Липецкая область,6072.875
2006,Магаданская область,9847.19166666667
2006,Марий Эл,4546.15833333333
2006,Мордовия,4140.80833333333
2006,Москва,21568.725
2006,Московская область,9155.58333333333
2006,Мурманская область,10061.7416666667
2006,Ненецкий автономный округ,7451.89166666667
2006,Нижегородская область,6625.33333333333
2006,Новгородская область,6041.78333333333
2006,Новосибирская область,8884.575
2006,Омская область,6998.99166666667
2006,Оренбургская область,5104.025
2006,Орловская область,5178.175
2006,Пензенская область,4668.1
2006,Пермский край,8446.06666666667
2006,Приморский край,7556.91666666667
2006,Псковская область,6455.11666666667
2006,Республика Алтай,5249.70833333333
2006,Республика Коми,10664.6583333333
2006,Республика Тыва,4381.80833333333
2006,Ростовская область,7040.88333333333
2006,Рязанская область,5227.45
2006,Самарская область,10217.4083333333
2006,Санкт-Петербург,11254.05
2006,Саратовская область,5466.05
2006,Сахалинская область,12404.7333333333
2006,Свердловская область,9126.79166666667
2006,Севастополь,
2006,Северная Осетия,5044.3
2006,Смоленская область,6030.15833333333
2006,Ставропольский край,6108.15
2006,Тамбовская область,5503.85
2006,Татарстан,7838.975
2006,Тверская область,6599.46666666667
2006,Томская область,8217.29166666667
2006,Тульская область,5372.44166666667
2006,Тюменская область,13991.9166666667
2006,Удмуртия,5112.16666666667
2006,Ульяновская область,5681.86666666667
2006,Хабаровский край,9468.55833333333
2006,Хакасия,5054.49166666667
2006,Ханты-Мансийский автономный округ,13991.9166666667
2006,Челябинская область,7489.43333333333
2006,Чечня,1246.60833333333
2006,Чувашия,4674.96666666667
2006,Чукотский автономный округ,13171.2416666667
2006,Якутия,11605.4333333333
2006,Ямало-Ненецкий автономный округ,13991.9166666667
2006,Ярославская область,6337.50833333333
2007,Адыгея,5215.51666666667
2007,Алтайский край,7229.94166666667
2007,Амурская область,7706.80833333333
2007,Архангельская область,9370.86666666667
2007,Астраханская область,7418.35
2007,Башкортостан,10043.7333333333
2007,Белгородская область,6976.74166666667
2007,Брянская область,6721.68333333333
2007,Бурятия,7897.31666666667
2007,Владимирская область,6218.65833333333
2007,Волгоградская область,8077.25833333333
2007,Вологодская область,7459.94166666667
2007,Воронежская область,6876.24166666667
2007,Дагестан,6734.01666666667
2007,Еврейская автономная область,8051.06666666667
2007,Забайкальский край,7498.40833333333
2007,Ивановская область,5530.275
2007,Ингушетия,3217.75833333333
2007,Иркутская область,8672.375
2007,Кабардино-Балкария,5921.4
2007,Калининградская область,8700.23333333333
2007,Калмыкия,4464.29166666667
2007,Калужская область,8231.7
2007,Камчатский край,13136.7666666667
2007,Карачаево-Черкесия,5454.58333333333
2007,Карелия,8687.80833333333
2007,Кемеровская область,9939.775
2007,Кировская область,6359.075
2007,Костромская область,6564.49166666667
2007,Краснодарский край,9499.00833333333
2007,Красноярский край,10595.1083333333
2007,Крым,
2007,Курганская область,7730.075
2007,Курская область,7340.9
2007,Ленинградская область,7293.40833333333
2007,Липецкая область,7542.99166666667
2007,Магаданская область,10487.2583333333
2007,Марий Эл,5837.01666666667
2007,Мордовия,5175.94166666667
2007,Москва,25286.375
2007,Московская область,12134.2416666667
2007,Мурманская область,12289.8666666667
2007,Ненецкий автономный округ,9370.86666666667
2007,Нижегородская область,8571.025
2007,Новгородская область,7561.5
2007,Новосибирская область,10600.675
2007,Омская область,8752.85833333333
2007,Оренбургская область,6552.44166666667
2007,Орловская область,6518.20833333333
2007,Пензенская область,6766.01666666667
2007,Пермский край,10481.0916666667
2007,Приморский край,8962.575
2007,Псковская область,7219.95
2007,Республика Алтай,6411.10833333333
2007,Республика Коми,12865.2416666667
2007,Республика Тыва,5275.61666666667
2007,Ростовская область,9170.425
2007,Рязанская область,6827.65
2007,Самарская область,12281.5583333333
2007,Санкт-Петербург,14216.3
2007,Саратовская область,6845.025
2007,Сахалинская область,15618.7083333333
2007,Свердловская область,11828.7416666667
2007,Севастополь,
2007,Северная Осетия,6200.91666666667
2007,Смоленская область,7293.40833333333
2007,Ставропольский край,7634.125
2007,Тамбовская область,7075.3
2007,Татарстан,10144.1083333333
2007,Тверская область,7760.575
2007,Томская область,9488.1
2007,Тульская область,7116.35833333333
2007,Тюменская область,17733.7166666667
2007,Удмуртия,6451.93333333333
2007,Ульяновская область,7095.73333333333
2007,Хабаровский край,11474.0916666667
2007,Хакасия,6343.94166666667
2007,Ханты-Мансийский автономный округ,17733.7166666667
2007,Челябинская область,9340.29166666667
2007,Чечня,2541.925
2007,Чувашия,5949.225
2007,Чукотский автономный округ,14701.4
2007,Якутия,13431.2666666667
2007,Ямало-Ненецкий автономный округ,17733.7166666667
2007,Ярославская область,8108.79166666667
2008,Адыгея,7442.50833333333
2008,Алтайский край,9129.6
2008,Амурская область,9536.54166666667
2008,Архангельская область,11894.0833333333
2008,Астраханская область,9661.98333333333
2008,Башкортостан,13045.7333333333
2008,Белгородская область,9215.14166666667
2008,Брянская область,8693.60833333333
2008,Бурятия,9622.175
2008,Владимирская область,7951.94166666667
2008,Волгоградская область,9968.48333333333
2008,Вологодская область,9079.55
2008,Воронежская область,8579.1
2008,Дагестан,9479.16666666667
2008,Еврейская автономная область,9766.125
2008,Забайкальский край,9669.65833333333
2008,Ивановская область,7413.56666666667
2008,Ингушетия,3755.16666666667
2008,Иркутская область,10602.4333333333
2008,Кабардино-Балкария,7389.46666666667
2008,Калининградская область,10915.4666666667
2008,Калмыкия,5350.95
2008,Калужская область,10252.1416666667
2008,Камчатский край,15251.9416666667
2008,Карачаево-Черкесия,6522.53333333333
2008,Карелия,10712.95
2008,Кемеровская область,12092.275
2008,Кировская область,8296.84166666667
2008,Костромская область,7990.475
2008,Краснодарский край,11969.3166666667
2008,Красноярский край,13318.975
2008,Крым,
2008,Курганская область,10161.2583333333
2008,Курская область,9319.075
2008,Ленинградская область,9298.29166666667
2008,Липецкая область,9814.08333333333
2008,Магаданская область,14453.8416666667
2008,Марий Эл,7455.075
2008,Мордовия,6751.60833333333
2008,Москва,29846.6166666667
2008,Московская область,15694.125
2008,Мурманская область,15524.4833333333
2008,Ненецкий автономный округ,11894.0833333333
2008,Нижегородская область,11394.775
2008,Новгородская область,10074.025
2008,Новосибирская область,13202.1833333333
2008,Омская область,10673.1583333333
2008,Оренбургская область,8731.04166666667
2008,Орловская область,8476.60833333333
2008,Пензенская область,8573.94166666667
2008,Пермский край,13091.3666666667
2008,Приморский край,10983.025
2008,Псковская область,9288.275
2008,Республика Алтай,8606.10833333333
2008,Республика Коми,15174.8083333333
2008,Республика Тыва,6438.85833333333
2008,Ростовская область,11856.2583333333
2008,Рязанская область,9039.56666666667
2008,Самарская область,14893.45
2008,Санкт-Петербург,17924.2
2008,Саратовская область,8556.86666666667
2008,Сахалинская область,19936.075
2008,Свердловская область,15075.1083333333
2008,Севастополь,
2008,Северная Осетия,8123.58333333333
2008,Смоленская область,9298.29166666667
2008,Ставропольский край,9405.09166666667
2008,Тамбовская область,9298.425
2008,Татарстан,12879.7666666667
2008,Тверская область,9747.08333333333
2008,Томская область,11228.4
2008,Тульская область,9376.10833333333
2008,Тюменская область,22017.9583333333
2008,Удмуртия,8523.225
2008,Ульяновская область,8530.14166666667
2008,Хабаровский край,13678.5666666667
2008,Хакасия,7491.725
2008,Ханты-Мансийский автономный округ,22017.9583333333
2008,Челябинская область,12258.1916666667
2008,Чечня,3652.34166666667
2008,Чувашия,7710.89166666667
2008,Чукотский автономный округ,19347.2333333333
2008,Якутия,15938.7583333333
2008,Ямало-Ненецкий автономный округ,22017.9583333333
2008,Ярославская область,9760.63333333333
2009,Адыгея,9043.825
2009,Алтайский край,9035.6
2009,Амурская область,10665.0416666667
2009,Архангельская область,13083.8416666667
2009,Астраханская область,10772.0333333333
2009,Башкортостан,13830.0166666667
2009,Белгородская область,10161.2833333333
2009,Брянская область,9586.09166666667
2009,Бурятия,10518.0
2009,Владимирская область,8517.975
2009,Волгоградская область,10946.5833333333
2009,Вологодская область,9083.45833333333
2009,Воронежская область,9709.81666666667
2009,Дагестан,11466.025
2009,Еврейская автономная область,11205.1666666667
2009,Забайкальский край,10547.1416666667
2009,Ивановская область,7893.76666666667
2009,Ингушетия,4238.14166666667
2009,Иркутская область,10740.9083333333
2009,Кабардино-Балкария,8437.225
2009,Калининградская область,12144.4416666667
2009,Калмыкия,5899.525
2009,Калужская область,11039.7166666667
2009,Камчатский край,17439.0333333333
2009,Карачаево-Черкесия,7400.725
2009,Карелия,11586.6083333333
2009,Кемеровская область,10960.1666666667
2009,Кировская область,8812.16666666667
2009,Костромская область,8576.51666666667
2009,Краснодарский край,13123.175
2009,Красноярский край,13685.8583333333
2009,Крым,
2009,Курганская область,11136.4583333333
2009,Курская область,10148.65
2009,Ленинградская область,10354.0416666667
2009,Липецкая область,10808.6916666667
2009,Магаданская область,17480.2
2009,Марий Эл,8285.85
2009,Мордовия,7699.775
2009,Москва,31215.9583333333
2009,Московская область,15862.6666666667
2009,Мурманская область,17194.75
2009,Ненецкий автономный округ,13083.8416666667
2009,Нижегородская область,11711.225
2009,Новгородская область,11319.0166666667
2009,Новосибирская область,13489.7583333333
2009,Омская область,11175.2
2009,Оренбургская область,9810.675
2009,Орловская область,9088.525
2009,Пензенская область,9418.49166666667
2009,Пермский край,13888.5
2009,Приморский край,12122.325
2009,Псковская область,9950.95833333333
2009,Республика Алтай,9337.03333333333
2009,Республика Коми,15857.7
2009,Республика Тыва,6767.85833333333
2009,Ростовская область,11614.5916666667
2009,Рязанская область,9846.18333333333
2009,Самарская область,15199.35
2009,Санкт-Петербург,18640.7916666667
2009,Саратовская область,8883.075
2009,Сахалинская область,23116.7916666667
2009,Свердловская область,15744.2166666667
2009,Севастополь,
2009,Северная Осетия,9257.775
2009,Смоленская область,10354.0416666667
2009,Ставропольский край,10633.9416666667
2009,Тамбовская область,10047.825
2009,Татарстан,13741.0
2009,Тверская область,10579.4416666667
2009,Томская область,11387.5166666667
2009,Тульская область,10357.3083333333
2009,Тюменская область,20692.9583333333
2009,Удмуртия,9301.63333333333
2009,Ульяновская область,9002.10833333333
2009,Хабаровский край,15808.8166666667
2009,Хакасия,7870.775
2009,Ханты-Мансийский автономный округ,20692.9583333333
2009,Челябинская область,12486.05
2009,Чечня,5143.0
2009,Чувашия,8536.56666666667
2009,Чукотский автономный округ,22577.2916666667
2009,Якутия,17593.0583333333
2009,Ямало-Ненецкий автономный округ,20692.9583333333
2009,Ярославская область,10194.4166666667
2010,Адыгея,10216.1083333333
2010,Алтайский край,9962.71666666667
2010,Амурская область,12222.275
2010,Архангельская область,14444.025
2010,Астраханская область,12500.1
2010,Башкортостан,14987.0583333333
2010,Белгородская область,11506.6833333333
2010,Брянская область,11117.5
2010,Бурятия,11611.35
2010,Владимирская область,9844.98333333333
2010,Волгоградская область,12091.5416666667
2010,Вологодская область,10611.85
2010,Воронежская область,11760.2416666667
2010,Дагестан,12907.5083333333
2010,Еврейская автономная область,12745.1166666667
2010,Забайкальский край,11704.5
2010,Ивановская область,9233.54166666667
2010,Ингушетия,4456.425
2010,Иркутская область,11365.2416666667
2010,Кабардино-Балкария,9332.10833333333
2010,Калининградская область,13077.0916666667
2010,Калмыкия,6553.46666666667
2010,Калужская область,12762.5416666667
2010,Камчатский край,19651.3083333333
2010,Карачаево-Черкесия,8059.71666666667
2010,Карелия,13087.5333333333
2010,Кемеровская область,11962.8833333333
2010,Кировская область,10078.425
2010,Костромская область,10337.9916666667
2010,Краснодарский край,15268.65
2010,Красноярский край,15008.2333333333
2010,Крым,
2010,Курганская область,10702.65
2010,Курская область,11350.0166666667
2010,Ленинградская область,11996.325
2010,Липецкая область,12288.85
2010,Магаданская область,19146.3333333333
2010,Марий Эл,9149.11666666667
2010,Мордовия,8509.00833333333
2010,Москва,34053.15
2010,Московская область,17928.3333333333
2010,Мурманская область,18583.8083333333
2010,Ненецкий автономный округ,14444.025
2010,Нижегородская область,13246.6333333333
2010,Новгородская область,12631.8583333333
2010,Новосибирская область,14885.3
2010,Омская область,12232.975
2010,Оренбургская область,11010.5833333333
2010,Орловская область,10402.5583333333
2010,Пензенская область,10605.775
2010,Пермский край,15313.1916666667
2010,Приморский край,13194.175
2010,Псковская область,10948.2333333333
2010,Республика Алтай,10019.55
2010,Республика Коми,16225.4416666667
2010,Республика Тыва,7348.05833333333
2010,Ростовская область,13224.6
2010,Рязанская область,10977.8833333333
2010,Самарская область,15997.2416666667
2010,Санкт-Петербург,21074.1333333333
2010,Саратовская область,9788.36666666667
2010,Сахалинская область,25441.9916666667
2010,Свердловская область,18132.45
2010,Севастополь,
2010,Северная Осетия,10601.8416666667
2010,Смоленская область,11996.325
2010,Ставропольский край,12251.825
2010,Тамбовская область,11064.525
2010,Татарстан,15586.7666666667
2010,Тверская область,11728.2583333333
2010,Томская область,11800.3916666667
2010,Тульская область,11990.5416666667
2010,Тюменская область,20693.2333333333
2010,Удмуртия,10706.7333333333
2010,Ульяновская область,10427.1833333333
2010,Хабаровский край,17759.3583333333
2010,Хакасия,9687.85
2010,Ханты-Мансийский автономный округ,20693.2333333333
2010,Челябинская область,13444.0833333333
2010,Чечня,6281.75
2010,Чувашия,9428.55833333333
2010,Чукотский автономный округ,25340.6333333333
2010,Якутия,19144.4333333333
2010,Ямало-Ненецкий автономный округ,20693.2333333333
2010,Ярославская область,11278.9833333333
2011,Адыгея,12376.4916666667
2011,Алтайский край,11968.5083333333
2011,Амурская область,15155.0416666667
2011,Архангельская область,17178.0333333333
2011,Астраханская область,14318.3416666667
2011,Башкортостан,17350.95
2011,Белгородская область,13574.9333333333
2011,Брянская область,13119.3
2011,Бурятия,13856.225
2011,Владимирская область,11772.0083333333
2011,Волгоградская область,13567.45
2011,Вологодская область,12045.375
2011,Воронежская область,15334.575
2011,Дагестан,14246.9416666667
2011,Еврейская автономная область,13825.8583333333
2011,Забайкальский край,13858.375
2011,Ивановская область,11277.6833333333
2011,Ингушетия,5908.74166666667
2011,Иркутская область,12913.3583333333
2011,Кабардино-Балкария,10869.05
2011,Калининградская область,14681.625
2011,Калмыкия,8494.275
2011,Калужская область,15236.825
2011,Камчатский край,22368.5833333333
2011,Карачаево-Черкесия,9021.10833333333
2011,Карелия,15598.9833333333
2011,Кемеровская область,13727.2166666667
2011,Кировская область,12085.7833333333
2011,Костромская область,11965.475
2011,Краснодарский край,17530.15
2011,Красноярский край,17118.05
2011,Крым,
2011,Курганская область,12168.3666666667
2011,Курская область,13596.825
2011,Ленинградская область,13628.425
2011,Липецкая область,15076.8916666667
2011,Магаданская область,22391.6833333333
2011,Марий Эл,10494.35
2011,Мордовия,9472.73333333333
2011,Москва,39618.2333333333
2011,Московская область,20981.95
2011,Мурманская область,20852.7666666667
2011,Ненецкий автономный округ,25341.775
2011,Нижегородская область,15829.8916666667
2011,Новгородская область,15489.6583333333
2011,Новосибирская область,17830.4666666667
2011,Омская область,14760.625
2011,Оренбургская область,12900.6583333333
2011,Орловская область,12256.75
2011,Пензенская область,12599.975
2011,Пермский край,17951.1416666667
2011,Приморский край,14944.125
2011,Псковская область,13022.3166666667
2011,Республика Алтай,11527.9
2011,Республика Коми,18998.4083333333
2011,Республика Тыва,8239.73333333333
2011,Ростовская область,15760.9
2011,Рязанская область,12621.325
2011,Самарская область,18006.2166666667
2011,Санкт-Петербург,23362.6166666667
2011,Саратовская область,11482.6916666667
2011,Сахалинская область,28902.05
2011,Свердловская область,21644.45
2011,Севастополь,
2011,Северная Осетия,12836.675
2011,Смоленская область,13628.425
2011,Ставропольский край,14678.45
2011,Тамбовская область,13057.8583333333
2011,Татарстан,18845.8416666667
2011,Тверская область,13522.2416666667
2011,Томская область,12831.8
2011,Тульская область,13748.7333333333
2011,Тюменская область,20190.65
2011,Удмуртия,12650.0833333333
2011,Ульяновская область,11904.9
2011,Хабаровский край,19842.6833333333
2011,Хакасия,12173.1416666667
2011,Ханты-Мансийский автономный округ,25559.9583333333
2011,Челябинская область,15567.8
2011,Чечня,7868.1
2011,Чувашия,11113.3583333333
2011,Чукотский автономный округ,28174.125
2011,Якутия,21181.875
2011,Ямало-Ненецкий автономный округ,31005.7833333333
2011,Ярославская область,13600.2333333333
2012,Адыгея,15089.4
2012,Алтайский край,13751.075
2012,Амурская область,17851.2583333333
2012,Архангельская область,18687.2833333333
2012,Астраханская область,16231.6916666667
2012,Башкортостан,19166.35
2012,Белгородская область,15623.3333333333
2012,Брянская область,14552.9333333333
2012,Бурятия,15962.4333333333
2012,Владимирская область,13975.3833333333
2012,Волгоградская область,14786.4333333333
2012,Вологодская область,14184.3333333333
2012,Воронежская область,18104.7916666667
2012,Дагестан,16021.35
2012,Еврейская автономная область,14974.1
2012,Забайкальский край,15445.6916666667
2012,Ивановская область,13665.7583333333
2012,Ингушетия,6585.0
2012,Иркутская область,14467.125
2012,Кабардино-Балкария,11921.3916666667
2012,Калининградская область,15825.15
2012,Калмыкия,9730.05
2012,Калужская область,17310.8166666667
2012,Камчатский край,23935.1333333333
2012,Карачаево-Черкесия,9666.01666666667
2012,Карелия,17519.2166666667
2012,Кемеровская область,15454.125
2012,Кировская область,13721.4833333333
2012,Костромская область,13000.0333333333
2012,Краснодарский край,20147.8333333333
2012,Красноярский край,19871.4583333333
2012,Крым,
2012,Курганская область,13575.7333333333
2012,Курская область,15325.475
2012,Ленинградская область,15063.45
2012,Липецкая область,16920.7333333333
2012,Магаданская область,26371.6416666667
2012,Марий Эл,11521.75
2012,Мордовия,10372.9
2012,Москва,42495.0583333333
2012,Московская область,23792.4
2012,Мурманская область,23363.2166666667
2012,Ненецкий автономный округ,29503.0416666667
2012,Нижегородская область,18227.325
2012,Новгородская область,17155.9833333333
2012,Новосибирская область,19669.45
2012,Омская область,16543.9416666667
2012,Оренбургская область,14522.625
2012,Орловская область,13648.7
2012,Пензенская область,13725.9833333333
2012,Пермский край,19386.0583333333
2012,Приморский край,17074.225
2012,Псковская область,14392.6916666667
2012,Республика Алтай,12235.1583333333
2012,Республика Коми,21137.7083333333
2012,Республика Тыва,8951.35833333333
2012,Ростовская область,17815.2333333333
2012,Рязанская область,14330.4833333333
2012,Самарская область,19228.7833333333
2012,Санкт-Петербург,25949.125
2012,Саратовская область,12955.8833333333
2012,Сахалинская область,30220.1166666667
2012,Свердловская область,24040.1916666667
2012,Севастополь,
2012,Северная Осетия,14311.1
2012,Смоленская область,15063.45
2012,Ставропольский край,17472.05
2012,Тамбовская область,14685.1166666667
2012,Татарстан,21760.525
2012,Тверская область,15276.875
2012,Томская область,14326.4166666667
2012,Тульская область,15305.4833333333
2012,Тюменская область,23160.9416666667
2012,Удмуртия,14214.1583333333
2012,Ульяновская область,13545.0916666667
2012,Хабаровский край,21902.7166666667
2012,Хакасия,14380.6333333333
2012,Ханты-Мансийский автономный округ,27906.575
2012,Челябинская область,17071.0083333333
2012,Чечня,9345.55
2012,Чувашия,12143.075
2012,Чукотский автономный округ,28609.8333333333
2012,Якутия,23279.075
2012,Ямало-Ненецкий автономный округ,33588.8416666667
2012,Ярославская область,15300.75
2013,Адыгея,17543.9583333333
2013,Алтайский край,15054.3833333333
2013,Амурская область,20952.0583333333
2013,Архангельская область,21104.05
2013,Астраханская область,17950.4333333333
2013,Башкортостан,21442.925
2013,Белгородская область,17690.3666666667
2013,Брянская область,16341.8333333333
2013,Бурятия,17870.9333333333
2013,Владимирская область,15541.05
2013,Волгоградская область,15985.35
2013,Вологодская область,15152.7416666667
2013,Воронежская область,20566.9333333333
2013,Дагестан,18097.8
2013,Еврейская автономная область,16210.4083333333
2013,Забайкальский край,16565.8
2013,Ивановская область,14969.475
2013,Ингушетия,7247.83333333333
2013,Иркутская область,15650.325
2013,Кабардино-Балкария,13265.9583333333
2013,Калининградская область,16787.1583333333
2013,Калмыкия,10599.3833333333
2013,Калужская область,18730.025
2013,Камчатский край,25864.5
2013,Карачаево-Черкесия,10353.7583333333
2013,Карелия,19333.2083333333
2013,Кемеровская область,16518.2666666667
2013,Кировская область,15285.675
2013,Костромская область,14415.9416666667
2013,Краснодарский край,21941.725
2013,Красноярский край,21639.8583333333
2013,Крым,
2013,Курганская область,14862.4
2013,Курская область,16854.7
2013,Ленинградская область,16623.85
2013,Липецкая область,18937.4916666667
2013,Магаданская область,30208.8833333333
2013,Марий Эл,13118.7416666667
2013,Мордовия,11380.9083333333
2013,Москва,45842.45
2013,Московская область,24541.125
2013,Мурманская область,26076.7166666667
2013,Ненецкий автономный округ,32565.425
2013,Нижегородская область,20407.6583333333
2013,Новгородская область,19128.3583333333
2013,Новосибирская область,21445.7916666667
2013,Омская область,18482.8166666667
2013,Оренбургская область,16303.175
2013,Орловская область,15317.2916666667
2013,Пензенская область,15529.7583333333
2013,Пермский край,21837.9916666667
2013,Приморский край,19389.9416666667
2013,Псковская область,15782.3166666667
2013,Республика Алтай,14309.6916666667
2013,Республика Коми,23016.175
2013,Республика Тыва,9542.23333333333
2013,Ростовская область,19753.9
2013,Рязанская область,15900.0833333333
2013,Самарская область,21311.8583333333
2013,Санкт-Петербург,27862.6583333333
2013,Саратовская область,14406.6
2013,Сахалинская область,33510.3
2013,Свердловская область,26844.3333333333
2013,Севастополь,
2013,Северная Осетия,15768.4583333333
2013,Смоленская область,16623.85
2013,Ставропольский край,19022.5333333333
2013,Тамбовская область,16616.0416666667
2013,Татарстан,23953.3583333333
2013,Тверская область,16778.0166666667
2013,Томская область,16217.2416666667
2013,Тульская область,16881.1833333333
2013,Тюменская область,26220.0416666667
2013,Удмуртия,15838.2833333333
2013,Ульяновская область,15162.8916666667
2013,Хабаровский край,24679.2666666667
2013,Хакасия,15705.0
2013,Ханты-Мансийский автономный округ,30886.0166666667
2013,Челябинская область,18486.8583333333
2013,Чечня,11384.7666666667
2013,Чувашия,13539.1083333333
2013,Чукотский автономный округ,29285.1833333333
2013,Якутия,26182.2416666667
2013,Ямало-Ненецкий автономный округ,36239.8166666667
2013,Ярославская область,17076.1083333333
2014,Адыгея,19009.5333333333
2014,Алтайский край,16367.6333333333
2014,Амурская область,22661.6666666667
2014,Архангельская область,23673.1833333333
2014,Астраханская область,19612.1583333333
2014,Башкортостан,22866.2166666667
2014,Белгородская область,19586.1916666667
2014,Брянская область,18254.0916666667
2014,Бурятия,18849.1416666667
2014,Владимирская область,17179.6583333333
2014,Волгоградская область,17188.4416666667
2014,Вологодская область,16519.9333333333
2014,Воронежская область,22983.5833333333
2014,Дагестан,19648.0166666667
2014,Еврейская автономная область,17520.525
2014,Забайкальский край,17775.6333333333
2014,Ивановская область,16890.3583333333
2014,Ингушетия,7822.63333333333
2014,Иркутская область,16594.425
2014,Кабардино-Балкария,14700.3583333333
2014,Калининградская область,18585.8166666667
2014,Калмыкия,11464.7833333333
2014,Калужская область,20411.9833333333
2014,Камчатский край,27738.4916666667
2014,Карачаево-Черкесия,10996.975
2014,Карелия,20993.3583333333
2014,Кемеровская область,16524.85
2014,Кировская область,16661.9916666667
2014,Костромская область,15708.7416666667
2014,Краснодарский край,24612.2083333333
2014,Красноярский край,22531.1666666667
2014,Крым,
2014,Курганская область,15543.9666666667
2014,Курская область,18535.025
2014,Ленинградская область,18232.25
2014,Липецкая область,21079.95
2014,Магаданская область,32547.525
2014,Марий Эл,14550.9666666667
2014,Мордовия,12368.1
2014,Москва,49438.9
2014,Московская область,27522.325
2014,Мурманская область,28329.5333333333
2014,Ненецкий автономный округ,36252.7166666667
2014,Нижегородская область,22923.4083333333
2014,Новгородская область,21108.1333333333
2014,Новосибирская область,22138.5666666667
2014,Омская область,19721.0666666667
2014,Оренбургская область,18103.85
2014,Орловская область,16706.9083333333
2014,Пензенская область,16942.6166666667
2014,Пермский край,23515.3916666667
2014,Приморский край,21296.7833333333
2014,Псковская область,17422.7166666667
2014,Республика Алтай,15447.5
2014,Республика Коми,24663.025
2014,Республика Тыва,10677.5333333333
2014,Ростовская область,21761.1583333333
2014,Рязанская область,17517.6916666667
2014,Самарская область,23481.0916666667
2014,Санкт-Петербург,29705.3083333333
2014,Саратовская область,15415.6333333333
2014,Сахалинская область,36799.65
2014,Свердловская область,28164.9916666667
2014,Севастополь,
2014,Северная Осетия,16737.975
2014,Смоленская область,18232.25
2014,Ставропольский край,20240.4916666667
2014,Тамбовская область,18772.6416666667
2014,Татарстан,25541.7583333333
2014,Тверская область,18477.2833333333
2014,Томская область,16747.2083333333
2014,Тульская область,18736.5666666667
2014,Тюменская область,27805.175
2014,Удмуртия,17388.1
2014,Ульяновская область,16559.3583333333
2014,Хабаровский край,27116.475
2014,Хакасия,16905.5
2014,Ханты-Мансийский автономный округ,32086.6666666667
2014,Челябинская область,19560.6583333333
2014,Чечня,13466.0166666667
2014,Чувашия,14478.7916666667
2014,Чукотский автономный округ,33884.6916666667
2014,Якутия,29055.3916666667
2014,Ямало-Ненецкий автономный округ,37468.875
2014,Ярославская область,19122.175
2015,Адыгея,19130.9583333333
2015,Алтайский край,17282.4416666667
2015,Амурская область,23433.1833333333
2015,Архангельская область,25970.9166666667
2015,Астраханская область,20601.95
2015,Башкортостан,23557.2833333333
2015,Белгородская область,21042.9916666667
2015,Брянская область,20115.0916666667
2015,Бурятия,21333.7833333333
2015,Владимирская область,18443.8
2015,Волгоградская область,18453.5083333333
2015,Вологодская область,17498.2583333333
2015,Воронежская область,25134.7416666667
2015,Дагестан,23558.9166666667
2015,Еврейская автономная область,19631.9416666667
2015,Забайкальский край,19019.7583333333
2015,Ивановская область,17657.1333333333
2015,Ингушетия,7974.58333333333
2015,Иркутская область,16825.45
2015,Кабардино-Балкария,16279.5916666667
2015,Калининградская область,20038.5416666667
2015,Калмыкия,11935.05
2015,Калужская область,21358.3666666667
2015,Камчатский край,29606.0916666667
2015,Карачаево-Черкесия,11374.6416666667
2015,Карелия,22462.2083333333
2015,Кемеровская область,17091.9583333333
2015,Кировская область,17693.1666666667
2015,Костромская область,17499.1416666667
2015,Краснодарский край,26607.875
2015,Красноярский край,22647.675
2015,Крым,15488.175
2015,Курганская область,16420.4583333333
2015,Курская область,20280.3083333333
2015,Ленинградская область,19622.7416666667
2015,Липецкая область,23144.0083333333
2015,Магаданская область,34459.2
2015,Марий Эл,15465.975
2015,Мордовия,13421.625
2015,Москва,49812.1916666667
2015,Московская область,29209.8083333333
2015,Мурманская область,29318.65
2015,Ненецкий автономный округ,38738.775
2015,Нижегородская область,23412.4416666667
2015,Новгородская область,22926.8083333333
2015,Новосибирская область,22218.7666666667
2015,Омская область,19656.2166666667
2015,Оренбургская область,18475.7916666667
2015,Орловская область,18779.6916666667
2015,Пензенская область,18168.7333333333
2015,Пермский край,23142.525
2015,Приморский край,23686.6416666667
2015,Псковская область,18598.5916666667
2015,Республика Алтай,16209.7916666667
2015,Республика Коми,24500.6416666667
2015,Республика Тыва,11595.4583333333
2015,Ростовская область,23791.6333333333
2015,Рязанская область,18769.1333333333
2015,Самарская область,22982.1666666667
2015,Санкт-Петербург,32426.0416666667
2015,Саратовская область,16241.95
2015,Сахалинская область,40462.05
2015,Свердловская область,29675.4416666667
2015,Севастополь,14086.65
2015,Северная Осетия,18119.8916666667
2015,Смоленская область,19622.7416666667
2015,Ставропольский край,20758.4833333333
2015,Тамбовская область,20418.325
2015,Татарстан,25679.975
2015,Тверская область,19653.9166666667
2015,Томская область,18113.925
2015,Тульская область,20473.9333333333
2015,Тюменская область,29059.8916666667
2015,Удмуртия,18172.1166666667
2015,Ульяновская область,17212.2916666667
2015,Хабаровский край,29631.8333333333
2015,Хакасия,18661.9666666667
2015,Ханты-Мансийский автономный округ,32914.7416666667
2015,Челябинская область,19501.4833333333
2015,Чечня,15351.5
2015,Чувашия,15220.7
2015,Чукотский автономный округ,32534.0083333333
2015,Якутия,31640.8833333333
2015,Ямало-Ненецкий автономный округ,39286.9666666667
2015,Ярославская область,20503.9416666667
2016,Адыгея,20491.4666666667
2016,Алтайский край,17694.8916666667
2016,Амурская область,24373.1083333333
2016,Архангельская область,27150.5833333333
2016,Астраханская область,19800.6
2016,Башкортостан,23963.0666666667
2016,Белгородская область,22480.85
2016,Брянская область,20532.2083333333
2016,Бурятия,21633.025
2016,Владимирская область,19328.5416666667
2016,Волгоградская область,18772.875
2016,Вологодская область,17783.0916666667
2016,Воронежская область,26475.5666666667
2016,Дагестан,23487.4333333333
2016,Еврейская автономная область,20028.925
2016,Забайкальский край,19968.0083333333
2016,Ивановская область,17721.375
2016,Ингушетия,7032.35833333333
2016,Иркутская область,17699.2166666667
2016,Кабардино-Балкария,15859.5583333333
2016,Калининградская область,21146.0416666667
2016,Калмыкия,11752.2083333333
2016,Калужская область,22226.1833333333
2016,Камчатский край,31296.0916666667
2016,Карачаево-Черкесия,10587.0583333333
2016,Карелия,23311.6833333333
2016,Кемеровская область,17157.6583333333
2016,Кировская область,18046.6333333333
2016,Костромская область,18611.4583333333
2016,Краснодарский край,28101.875
2016,Красноярский край,23726.8083333333
2016,Крым,15860.5166666667
2016,Курганская область,16804.8833333333
2016,Курская область,21048.875
2016,Ленинградская область,19641.7083333333
2016,Липецкая область,24243.5
2016,Магаданская область,36067.025
2016,Марий Эл,15538.6416666667
2016,Мордовия,14212.3666666667
2016,Москва,51178.6
2016,Московская область,31589.775
2016,Мурманская область,30169.2916666667
2016,Ненецкий автономный округ,39517.35
2016,Нижегородская область,24246.825
2016,Новгородская область,23631.1083333333
2016,Новосибирская область,22583.5916666667
2016,Омская область,19302.8666666667
2016,Оренбургская область,18697.4166666667
2016,Орловская область,19413.8416666667
2016,Пензенская область,19249.775
2016,Пермский край,23534.55
2016,Приморский край,24318.375
2016,Псковская область,18642.55
2016,Республика Алтай,16281.4916666667
2016,Республика Коми,24223.3916666667
2016,Республика Тыва,12060.0333333333
2016,Ростовская область,24451.6666666667
2016,Рязанская область,19112.75
2016,Самарская область,23478.0666666667
2016,Санкт-Петербург,34940.6166666667
2016,Саратовская область,16429.575
2016,Сахалинская область,41709.075
2016,Свердловская область,30460.5833333333
2016,Севастополь,20634.9083333333
2016,Северная Осетия,18273.1666666667
2016,Смоленская область,19641.7083333333
2016,Ставропольский край,20190.05
2016,Тамбовская область,21615.15
2016,Татарстан,26652.7416666667
2016,Тверская область,20207.0166666667
2016,Томская область,18703.5916666667
2016,Тульская область,21463.9083333333
2016,Тюменская область,29814.1916666667
2016,Удмуртия,18675.6583333333
2016,Ульяновская область,17676.1166666667
2016,Хабаровский край,31640.4416666667
2016,Хакасия,19193.3083333333
2016,Ханты-Мансийский автономный округ,33089.7333333333
2016,Челябинская область,18957.175
2016,Чечня,15290.95
2016,Чувашия,15552.2583333333
2016,Чукотский автономный округ,34319.75
2016,Якутия,33287.1583333333
2016,Ямало-Ненецкий автономный округ,38309.5666666667
2016,Ярославская область,21034.3666666667