"Страна";"Дата";"Индекс"
Азербайджан;23.02.2020;2.8
Азербайджан;24.02.2020;1.7
Азербайджан;25.02.2020;1.8
Азербайджан;26.02.2020;1.8
Азербайджан;27.02.2020;1.7
Азербайджан;28.02.2020;1.8
Азербайджан;29.02.2020;2.4
Азербайджан;01.03.2020;3
Азербайджан;02.03.2020;2
Азербайджан;03.03.2020;2.1
Азербайджан;04.03.2020;2
Азербайджан;05.03.2020;2.1
Азербайджан;06.03.2020;1.9
Азербайджан;07.03.2020;2.3
Азербайджан;08.03.2020;2.8
Азербайджан;09.03.2020;2.6
Азербайджан;10.03.2020;2
Азербайджан;11.03.2020;2
Азербайджан;12.03.2020;2
Азербайджан;13.03.2020;2
Азербайджан;14.03.2020;2.5
Азербайджан;15.03.2020;3
Азербайджан;16.03.2020;2.2
Азербайджан;17.03.2020;2.4
Азербайджан;18.03.2020;2.4
Азербайджан;19.03.2020;2.5
Азербайджан;20.03.2020;3.2
Азербайджан;21.03.2020;3.3
Азербайджан;22.03.2020;3.5
Азербайджан;23.03.2020;3.2
Азербайджан;24.03.2020;3.3
Азербайджан;25.03.2020;3.3
Азербайджан;26.03.2020;3.3
Азербайджан;27.03.2020;3.3
Азербайджан;28.03.2020;3.5
Азербайджан;29.03.2020;3.9
Азербайджан;30.03.2020;3.6
Азербайджан;31.03.2020;3.6
Азербайджан;01.04.2020;3.7
Азербайджан;02.04.2020;3.8
Азербайджан;03.04.2020;3.8
Азербайджан;04.04.2020;3.9
Азербайджан;05.04.2020;4.6
Азербайджан;06.04.2020;4.1
Азербайджан;07.04.2020;4.1
Азербайджан;08.04.2020;4
Азербайджан;09.04.2020;4
Азербайджан;10.04.2020;3.9
Азербайджан;11.04.2020;4
Азербайджан;12.04.2020;4.3
Азербайджан;13.04.2020;3.8
Азербайджан;14.04.2020;3.9
Азербайджан;15.04.2020;3.8
Азербайджан;16.04.2020;3.8
Азербайджан;17.04.2020;3.7
Азербайджан;18.04.2020;3.9
Азербайджан;19.04.2020;4.1
Азербайджан;20.04.2020;3.6
Азербайджан;21.04.2020;3.6
Азербайджан;22.04.2020;3.6
Азербайджан;23.04.2020;3.7
Азербайджан;24.04.2020;3.6
Азербайджан;25.04.2020;3.8
Азербайджан;26.04.2020;4.1
Азербайджан;27.04.2020;3.3
Азербайджан;28.04.2020;3.4
Азербайджан;29.04.2020;3.3
Азербайджан;30.04.2020;3.3
Азербайджан;01.05.2020;3.2
Азербайджан;02.05.2020;3.4
Азербайджан;03.05.2020;3.8
Азербайджан;04.05.2020;2.9
Азербайджан;05.05.2020;2.9
Азербайджан;06.05.2020;2.9
Азербайджан;07.05.2020;2.9
Азербайджан;08.05.2020;2.9
Азербайджан;09.05.2020;3.2
Азербайджан;10.05.2020;3.7
Азербайджан;11.05.2020;3
Азербайджан;12.05.2020;2.8
Азербайджан;13.05.2020;2.8
Азербайджан;14.05.2020;2.8
Азербайджан;15.05.2020;2.8
Азербайджан;16.05.2020;3
Азербайджан;17.05.2020;3.6
Азербайджан;18.05.2020;2.4
Азербайджан;19.05.2020;2.4
Азербайджан;20.05.2020;2.4
Азербайджан;21.05.2020;2.4
Азербайджан;22.05.2020;2.4
Азербайджан;23.05.2020;2.8
Азербайджан;24.05.2020;3.2
Азербайджан;25.05.2020;2.9
Азербайджан;26.05.2020;2.7
Азербайджан;27.05.2020;2.7
Азербайджан;28.05.2020;2.7
Азербайджан;29.05.2020;2.6
Азербайджан;30.05.2020;2.9
Азербайджан;31.05.2020;2.7
Азербайджан;01.06.2020;2.1
Азербайджан;02.06.2020;2.1
Азербайджан;03.06.2020;2.1
Азербайджан;04.06.2020;2.1
Азербайджан;05.06.2020;2.3
Азербайджан;06.06.2020;4.6
Азербайджан;07.06.2020;4.9
Азербайджан;08.06.2020;2
Азербайджан;09.06.2020;2
Азербайджан;10.06.2020;2.1
Азербайджан;11.06.2020;2.1
Азербайджан;12.06.2020;2.1
Азербайджан;13.06.2020;2.4
Азербайджан;14.06.2020;4.6
Азербайджан;15.06.2020;4.8
Азербайджан;16.06.2020;2
Азербайджан;17.06.2020;2
Азербайджан;18.06.2020;2
Азербайджан;19.06.2020;2
Азербайджан;20.06.2020;2.3
Азербайджан;21.06.2020;4.1
Азербайджан;22.06.2020;3.1
Азербайджан;23.06.2020;3
Азербайджан;24.06.2020;3
Азербайджан;25.06.2020;3
Азербайджан;26.06.2020;3.4
Азербайджан;27.06.2020;3.3
Азербайджан;28.06.2020;3.8
Азербайджан;29.06.2020;3
Азербайджан;30.06.2020;3
Азербайджан;01.07.2020;3
Азербайджан;02.07.2020;3
Азербайджан;03.07.2020;2.9
Азербайджан;04.07.2020;3.8
Азербайджан;05.07.2020;4.2
Азербайджан;06.07.2020;3.2
Азербайджан;07.07.2020;3.1
Азербайджан;08.07.2020;3.1
Азербайджан;09.07.2020;3.1
Азербайджан;10.07.2020;3.1
Азербайджан;11.07.2020;3.8
Азербайджан;12.07.2020;4.2
Азербайджан;13.07.2020;3.1
Азербайджан;14.07.2020;3.1
Азербайджан;15.07.2020;3.2
Азербайджан;16.07.2020;3.1
Азербайджан;17.07.2020;3.1
Азербайджан;18.07.2020;3.8
Азербайджан;19.07.2020;4.1
Азербайджан;20.07.2020;2.9
Азербайджан;21.07.2020;3
Азербайджан;22.07.2020;3
Азербайджан;23.07.2020;2.9
Азербайджан;24.07.2020;2.9
Азербайджан;25.07.2020;3.6
Азербайджан;26.07.2020;4
Азербайджан;27.07.2020;2.8
Азербайджан;28.07.2020;2.9
Азербайджан;29.07.2020;2.9
Азербайджан;30.07.2020;2.9
Азербайджан;31.07.2020;3.3
Азербайджан;01.08.2020;3.7
Азербайджан;02.08.2020;3.9
Азербайджан;03.08.2020;3.2
Азербайджан;04.08.2020;2.8
Азербайджан;05.08.2020;2.6
Азербайджан;06.08.2020;2.5
Азербайджан;07.08.2020;2.6
Азербайджан;08.08.2020;3.3
Азербайджан;09.08.2020;3.6
Азербайджан;10.08.2020;2.5
Азербайджан;11.08.2020;2.5
Азербайджан;12.08.2020;2.5
Азербайджан;13.08.2020;2.5
Азербайджан;14.08.2020;2.5
Азербайджан;15.08.2020;3.2
Азербайджан;16.08.2020;3.5
Азербайджан;17.08.2020;2.4
Азербайджан;18.08.2020;2.3
Азербайджан;19.08.2020;2.4
Азербайджан;20.08.2020;2.4
Азербайджан;21.08.2020;2.4
Азербайджан;22.08.2020;3.2
Азербайджан;23.08.2020;3.7
Азербайджан;24.08.2020;2.3
Азербайджан;25.08.2020;2.4
Азербайджан;26.08.2020;2.4
Азербайджан;27.08.2020;2.4
Азербайджан;28.08.2020;2.4
Азербайджан;29.08.2020;3.1
Азербайджан;30.08.2020;3.6
Азербайджан;31.08.2020;2.3
Азербайджан;01.09.2020;2.3
Азербайджан;02.09.2020;2.3
Азербайджан;03.09.2020;2.3
Азербайджан;04.09.2020;2.3
Азербайджан;05.09.2020;2.9
Азербайджан;06.09.2020;3.4
Азербайджан;07.09.2020;2.1
Азербайджан;08.09.2020;2.1
Азербайджан;09.09.2020;2.1
Азербайджан;10.09.2020;2.1
Азербайджан;11.09.2020;2.1
Азербайджан;12.09.2020;2.9
Азербайджан;13.09.2020;3.3
Азербайджан;14.09.2020;2.1
Азербайджан;15.09.2020;2.2
Азербайджан;16.09.2020;2.2
Азербайджан;17.09.2020;2.2
Азербайджан;18.09.2020;2.3
Азербайджан;19.09.2020;2.9
Азербайджан;20.09.2020;3.3
Азербайджан;21.09.2020;2.2
Азербайджан;22.09.2020;2.2
Азербайджан;23.09.2020;2.3
Азербайджан;24.09.2020;2.3
Азербайджан;25.09.2020;2.3
Азербайджан;26.09.2020;2.9
Азербайджан;27.09.2020;3.3
Азербайджан;28.09.2020;2.1
Азербайджан;29.09.2020;2.1
Азербайджан;30.09.2020;2.1
Азербайджан;01.10.2020;2.1
Азербайджан;02.10.2020;2.1
Азербайджан;03.10.2020;2.9
Азербайджан;04.10.2020;3.3
Азербайджан;05.10.2020;2.2
Азербайджан;06.10.2020;2.1
Азербайджан;07.10.2020;2
Азербайджан;08.10.2020;2.1
Азербайджан;09.10.2020;2.1
Азербайджан;10.10.2020;2.8
Азербайджан;11.10.2020;3.3
Азербайджан;12.10.2020;2
Азербайджан;13.10.2020;2.1
Азербайджан;14.10.2020;2.1
Азербайджан;15.10.2020;2.2
Азербайджан;16.10.2020;2.1
Азербайджан;17.10.2020;2.9
Азербайджан;18.10.2020;3.3
Азербайджан;19.10.2020;2.2
Азербайджан;20.10.2020;2.4
Азербайджан;21.10.2020;2.3
Азербайджан;22.10.2020;2.4
Азербайджан;23.10.2020;2.3
Азербайджан;24.10.2020;2.9
Азербайджан;25.10.2020;3.3
Азербайджан;26.10.2020;2.3
Азербайджан;27.10.2020;2.3
Азербайджан;28.10.2020;2.3
Азербайджан;29.10.2020;2.4
Азербайджан;30.10.2020;2.3
Азербайджан;31.10.2020;2.9
Азербайджан;01.11.2020;3.4
Азербайджан;02.11.2020;2.4
Азербайджан;03.11.2020;2.4
Азербайджан;04.11.2020;2.4
Азербайджан;05.11.2020;2.4
Азербайджан;06.11.2020;2.4
Азербайджан;07.11.2020;3
Азербайджан;08.11.2020;3.3
Азербайджан;09.11.2020;2.8
Азербайджан;10.11.2020;2.4
Азербайджан;11.11.2020;2.6
Азербайджан;12.11.2020;2.6
Азербайджан;13.11.2020;2.5
Азербайджан;14.11.2020;2.9
Азербайджан;15.11.2020;3.3
Азербайджан;16.11.2020;2.8
Азербайджан;17.11.2020;2.7
Азербайджан;18.11.2020;2.5
Азербайджан;19.11.2020;2.5
Азербайджан;20.11.2020;2.4
Азербайджан;21.11.2020;3.7
Азербайджан;22.11.2020;4
Азербайджан;23.11.2020;2.6
Азербайджан;24.11.2020;2.5
Азербайджан;25.11.2020;2.6
Азербайджан;26.11.2020;2.6
Азербайджан;27.11.2020;2.6
Армения;23.02.2020;2.87
Армения;24.02.2020;1.77
Армения;25.02.2020;1.83
Армения;26.02.2020;1.73
Армения;27.02.2020;1.8
Армения;28.02.2020;1.8
Армения;29.02.2020;2.47
Армения;01.03.2020;2.93
Армения;02.03.2020;2.23
Армения;03.03.2020;2.17
Армения;04.03.2020;2.03
Армения;05.03.2020;2.03
Армения;06.03.2020;2.07
Армения;07.03.2020;2.47
Армения;08.03.2020;2.67
Армения;09.03.2020;1.6
Армения;10.03.2020;1.57
Армения;11.03.2020;1.57
Армения;12.03.2020;1.6
Армения;13.03.2020;2.2
Армения;14.03.2020;2.8
Армения;15.03.2020;3.1
Армения;16.03.2020;2.57
Армения;17.03.2020;2.93
Армения;18.03.2020;3.17
Армения;19.03.2020;3.1
Армения;20.03.2020;2.93
Армения;21.03.2020;3.33
Армения;22.03.2020;3.63
Армения;23.03.2020;2.83
Армения;24.03.2020;2.97
Армения;25.03.2020;3.73
Армения;26.03.2020;3.83
Армения;27.03.2020;3.9
Армения;28.03.2020;4.03
Армения;29.03.2020;4.27
Армения;30.03.2020;3.87
Армения;31.03.2020;3.83
Армения;01.04.2020;3.9
Армения;02.04.2020;3.87
Армения;03.04.2020;3.87
Армения;04.04.2020;4.13
Армения;05.04.2020;4.13
Армения;06.04.2020;3.83
Армения;07.04.2020;3.8
Армения;08.04.2020;3.7
Армения;09.04.2020;3.67
Армения;10.04.2020;3.7
Армения;11.04.2020;3.77
Армения;12.04.2020;3.93
Армения;13.04.2020;3.43
Армения;14.04.2020;3.43
Армения;15.04.2020;3.37
Армения;16.04.2020;3.5
Армения;17.04.2020;3.33
Армения;18.04.2020;3.5
Армения;19.04.2020;3.8
Армения;20.04.2020;3.23
Армения;21.04.2020;3.33
Армения;22.04.2020;3.4
Армения;23.04.2020;3.47
Армения;24.04.2020;3.83
Армения;25.04.2020;3.7
Армения;26.04.2020;3.83
Армения;27.04.2020;3.07
Армения;28.04.2020;3.13
Армения;29.04.2020;3.07
Армения;30.04.2020;2.97
Армения;01.05.2020;3.27
Армения;02.05.2020;3.3
Армения;03.05.2020;3.47
Армения;04.05.2020;2.8
Армения;05.05.2020;2.8
Армения;06.05.2020;2.9
Армения;07.05.2020;2.87
Армения;08.05.2020;2.7
Армения;09.05.2020;3.27
Армения;10.05.2020;3.53
Армения;11.05.2020;2.5
Армения;12.05.2020;2.47
Армения;13.05.2020;2.53
Армения;14.05.2020;2.47
Армения;15.05.2020;2.43
Армения;16.05.2020;2.67
Армения;17.05.2020;3.07
Армения;18.05.2020;2.23
Армения;19.05.2020;2.3
Армения;20.05.2020;2.3
Армения;21.05.2020;2.33
Армения;22.05.2020;2.33
Армения;23.05.2020;2.5
Армения;24.05.2020;3.1
Армения;25.05.2020;2.57
Армения;26.05.2020;2.2
Армения;27.05.2020;2.27
Армения;28.05.2020;2.63
Армения;29.05.2020;2.63
Армения;30.05.2020;2.7
Армения;31.05.2020;3.03
Армения;01.06.2020;2.2
Армения;02.06.2020;2.27
Армения;03.06.2020;2.43
Армения;04.06.2020;2.37
Армения;05.06.2020;2.4
Армения;06.06.2020;2.77
Армения;07.06.2020;3.13
Армения;08.06.2020;2.4
Армения;09.06.2020;2.47
Армения;10.06.2020;2.47
Армения;11.06.2020;2.47
Армения;12.06.2020;2.5
Армения;13.06.2020;2.73
Армения;14.06.2020;3.13
Армения;15.06.2020;2.33
Армения;16.06.2020;2.37
Армения;17.06.2020;2.5
Армения;18.06.2020;2.4
Армения;19.06.2020;2.57
Армения;20.06.2020;2.77
Армения;21.06.2020;3.03
Армения;22.06.2020;2.33
Армения;23.06.2020;2.37
Армения;24.06.2020;2.4
Армения;25.06.2020;2.37
Армения;26.06.2020;2.4
Армения;27.06.2020;2.8
Армения;28.06.2020;3.03
Армения;29.06.2020;2.3
Армения;30.06.2020;2.3
Армения;01.07.2020;2.37
Армения;02.07.2020;2.3
Армения;03.07.2020;2.3
Армения;04.07.2020;2.6
Армения;05.07.2020;3
Армения;06.07.2020;2.27
Армения;07.07.2020;2.33
Армения;08.07.2020;2.4
Армения;09.07.2020;2.47
Армения;10.07.2020;2.47
Армения;11.07.2020;2.87
Армения;12.07.2020;3.2
Армения;13.07.2020;2.47
Армения;14.07.2020;2.33
Армения;15.07.2020;2.47
Армения;16.07.2020;2.47
Армения;17.07.2020;2.43
Армения;18.07.2020;2.77
Армения;19.07.2020;3.37
Армения;20.07.2020;2.43
Армения;21.07.2020;2.47
Армения;22.07.2020;2.47
Армения;23.07.2020;2.47
Армения;24.07.2020;2.43
Армения;25.07.2020;2.8
Армения;26.07.2020;3.1
Армения;27.07.2020;2.4
Армения;28.07.2020;2.43
Армения;29.07.2020;2.47
Армения;30.07.2020;2.4
Армения;31.07.2020;2.43
Армения;01.08.2020;2.73
Армения;02.08.2020;3.03
Армения;03.08.2020;2.3
Армения;04.08.2020;2.33
Армения;05.08.2020;2.27
Армения;06.08.2020;2.3
Армения;07.08.2020;2.3
Армения;08.08.2020;2.67
Армения;09.08.2020;2.97
Армения;10.08.2020;2.27
Армения;11.08.2020;2.37
Армения;12.08.2020;2.33
Армения;13.08.2020;2.4
Армения;14.08.2020;2.27
Армения;15.08.2020;2.53
Армения;16.08.2020;2.97
Армения;17.08.2020;2.23
Армения;18.08.2020;2.27
Армения;19.08.2020;2.3
Армения;20.08.2020;2.33
Армения;21.08.2020;2.33
Армения;22.08.2020;2.7
Армения;23.08.2020;3.07
Армения;24.08.2020;2.17
Армения;25.08.2020;2.23
Армения;26.08.2020;2.23
Армения;27.08.2020;2.27
Армения;28.08.2020;2.2
Армения;29.08.2020;2.53
Армения;30.08.2020;2.97
Армения;31.08.2020;2.17
Армения;01.09.2020;2.17
Армения;02.09.2020;2.23
Армения;03.09.2020;2.2
Армения;04.09.2020;2.13
Армения;05.09.2020;2.53
Армения;06.09.2020;2.93
Армения;07.09.2020;2.1
Армения;08.09.2020;2.07
Армения;09.09.2020;2.13
Армения;10.09.2020;2.23
Армения;11.09.2020;2.13
Армения;12.09.2020;2.43
Армения;13.09.2020;2.77
Армения;14.09.2020;2.03
Армения;15.09.2020;1.93
Армения;16.09.2020;1.97
Армения;17.09.2020;2.07
Армения;18.09.2020;2.03
Армения;19.09.2020;2.43
Армения;20.09.2020;2.87
Армения;21.09.2020;2.7
Армения;22.09.2020;1.93
Армения;23.09.2020;1.97
Армения;24.09.2020;2.1
Армения;25.09.2020;2.03
Армения;26.09.2020;2.53
Армения;27.09.2020;2.87
Армения;28.09.2020;2.17
Армения;29.09.2020;2.2
Армения;30.09.2020;2.3
Армения;01.10.2020;2.37
Армения;02.10.2020;2.47
Армения;03.10.2020;2.73
Армения;04.10.2020;3.37
Армения;05.10.2020;2.47
Армения;06.10.2020;2.6
Армения;07.10.2020;2.53
Армения;08.10.2020;2.47
Армения;09.10.2020;2.47
Армения;10.10.2020;2.83
Армения;11.10.2020;3.27
Армения;12.10.2020;2.43
Армения;13.10.2020;2.43
Армения;14.10.2020;2.5
Армения;15.10.2020;2.6
Армения;16.10.2020;2.63
Армения;17.10.2020;2.97
Армения;18.10.2020;3.33
Армения;19.10.2020;2.67
Армения;20.10.2020;2.73
Армения;21.10.2020;2.77
Армения;22.10.2020;2.77
Армения;23.10.2020;2.73
Армения;24.10.2020;3.1
Армения;25.10.2020;3.4
Армения;26.10.2020;2.73
Армения;27.10.2020;2.8
Армения;28.10.2020;2.77
Армения;29.10.2020;2.8
Армения;30.10.2020;2.8
Армения;31.10.2020;3.07
Армения;01.11.2020;3.43
Армения;02.11.2020;2.8
Армения;03.11.2020;2.8
Армения;04.11.2020;2.73
Армения;05.11.2020;2.77
Армения;06.11.2020;2.93
Армения;07.11.2020;3.07
Армения;08.11.2020;3.33
Армения;09.11.2020;2.67
Армения;10.11.2020;2.83
Армения;11.11.2020;2.8
Армения;12.11.2020;2.8
Армения;13.11.2020;2.77
Армения;14.11.2020;3.07
Армения;15.11.2020;3.4
Армения;16.11.2020;2.7
Армения;17.11.2020;2.67
Армения;18.11.2020;2.7
Армения;19.11.2020;2.7
Армения;20.11.2020;2.7
Армения;21.11.2020;3.1
Армения;22.11.2020;3.43
Армения;23.11.2020;2.67
Армения;24.11.2020;2.63
Армения;25.11.2020;2.63
Армения;26.11.2020;2.6
Армения;27.11.2020;2.57
Беларусь;23.02.2020;3.17
Беларусь;24.02.2020;1.25
Беларусь;25.02.2020;1.12
Беларусь;26.02.2020;1.1
Беларусь;27.02.2020;1.17
Беларусь;28.02.2020;1.13
Беларусь;29.02.2020;2.68
Беларусь;01.03.2020;3.32
Беларусь;02.03.2020;1.2
Беларусь;03.03.2020;1.08
Беларусь;04.03.2020;1.08
Беларусь;05.03.2020;1.03
Беларусь;06.03.2020;1.12
Беларусь;07.03.2020;2.55
Беларусь;08.03.2020;2.95
Беларусь;09.03.2020;1.23
Беларусь;10.03.2020;1.05
Беларусь;11.03.2020;1.13
Беларусь;12.03.2020;1.08
Беларусь;13.03.2020;1.08
Беларусь;14.03.2020;2.85
Беларусь;15.03.2020;3.32
Беларусь;16.03.2020;1.25
Беларусь;17.03.2020;1.18
Беларусь;18.03.2020;1.2
Беларусь;19.03.2020;1.22
Беларусь;20.03.2020;1.22
Беларусь;21.03.2020;2.88
Беларусь;22.03.2020;3.48
Беларусь;23.03.2020;1.48
Беларусь;24.03.2020;1.4
Беларусь;25.03.2020;1.37
Беларусь;26.03.2020;1.33
Беларусь;27.03.2020;1.38
Беларусь;28.03.2020;2.68
Беларусь;29.03.2020;3.25
Беларусь;30.03.2020;1.82
Беларусь;31.03.2020;1.78
Беларусь;01.04.2020;1.95
Беларусь;02.04.2020;2
Беларусь;03.04.2020;2.05
Беларусь;04.04.2020;2.78
Беларусь;05.04.2020;3.65
Беларусь;06.04.2020;2.07
Беларусь;07.04.2020;1.97
Беларусь;08.04.2020;1.98
Беларусь;09.04.2020;2
Беларусь;10.04.2020;2.03
Беларусь;11.04.2020;3.27
Беларусь;12.04.2020;3.62
Беларусь;13.04.2020;2.1
Беларусь;14.04.2020;2.07
Беларусь;15.04.2020;2.18
Беларусь;16.04.2020;2.22
Беларусь;17.04.2020;2.13
Беларусь;18.04.2020;3.4
Беларусь;19.04.2020;3.83
Беларусь;20.04.2020;2.17
Беларусь;21.04.2020;1.98
Беларусь;22.04.2020;1.88
Беларусь;23.04.2020;1.85
Беларусь;24.04.2020;1.82
Беларусь;25.04.2020;2.85
Беларусь;26.04.2020;3.32
Беларусь;27.04.2020;3.15
Беларусь;28.04.2020;3.47
Беларусь;29.04.2020;1.88
Беларусь;30.04.2020;1.98
Беларусь;01.05.2020;3.07
Беларусь;02.05.2020;3.18
Беларусь;03.05.2020;3.47
Беларусь;04.05.2020;1.75
Беларусь;05.05.2020;1.7
Беларусь;06.05.2020;1.85
Беларусь;07.05.2020;1.77
Беларусь;08.05.2020;1.67
Беларусь;09.05.2020;2.97
Беларусь;10.05.2020;3.18
Беларусь;11.05.2020;1.63
Беларусь;12.05.2020;1.85
Беларусь;13.05.2020;1.68
Беларусь;14.05.2020;1.67
Беларусь;15.05.2020;1.57
Беларусь;16.05.2020;2.87
Беларусь;17.05.2020;3.35
Беларусь;18.05.2020;1.8
Беларусь;19.05.2020;1.65
Беларусь;20.05.2020;1.57
Беларусь;21.05.2020;1.63
Беларусь;22.05.2020;1.65
Беларусь;23.05.2020;2.72
Беларусь;24.05.2020;3.25
Беларусь;25.05.2020;1.57
Беларусь;26.05.2020;1.45
Беларусь;27.05.2020;1.45
Беларусь;28.05.2020;1.45
Беларусь;29.05.2020;1.58
Беларусь;30.05.2020;3.03
Беларусь;31.05.2020;3.28
Беларусь;01.06.2020;1.6
Беларусь;02.06.2020;1.67
Беларусь;03.06.2020;1.53
Беларусь;04.06.2020;1.52
Беларусь;05.06.2020;1.4
Беларусь;06.06.2020;2.63
Беларусь;07.06.2020;3.02
Беларусь;08.06.2020;1.48
Беларусь;09.06.2020;1.35
Беларусь;10.06.2020;1.35
Беларусь;11.06.2020;1.37
Беларусь;12.06.2020;1.38
Беларусь;13.06.2020;2.57
Беларусь;14.06.2020;3.25
Беларусь;15.06.2020;1.5
Беларусь;16.06.2020;1.33
Беларусь;17.06.2020;1.35
Беларусь;18.06.2020;1.33
Беларусь;19.06.2020;1.38
Беларусь;20.06.2020;2.48
Беларусь;21.06.2020;3.02
Беларусь;22.06.2020;1.5
Беларусь;23.06.2020;1.4
Беларусь;24.06.2020;1.28
Беларусь;25.06.2020;1.28
Беларусь;26.06.2020;1.3
Беларусь;27.06.2020;2.42
Беларусь;28.06.2020;3.03
Беларусь;29.06.2020;1.42
Беларусь;30.06.2020;1.35
Беларусь;01.07.2020;1.27
Беларусь;02.07.2020;1.38
Беларусь;03.07.2020;2.65
Беларусь;04.07.2020;2.55
Беларусь;05.07.2020;2.9
Беларусь;06.07.2020;1.45
Беларусь;07.07.2020;1.43
Беларусь;08.07.2020;1.42
Беларусь;09.07.2020;1.38
Беларусь;10.07.2020;1.42
Беларусь;11.07.2020;2.55
Беларусь;12.07.2020;3.08
Беларусь;13.07.2020;1.57
Беларусь;14.07.2020;1.42
Беларусь;15.07.2020;1.48
Беларусь;16.07.2020;1.4
Беларусь;17.07.2020;1.4
Беларусь;18.07.2020;2.37
Беларусь;19.07.2020;2.87
Беларусь;20.07.2020;1.52
Беларусь;21.07.2020;1.47
Беларусь;22.07.2020;1.48
Беларусь;23.07.2020;1.47
Беларусь;24.07.2020;1.38
Беларусь;25.07.2020;2.43
Беларусь;26.07.2020;2.88
Беларусь;27.07.2020;1.58
Беларусь;28.07.2020;1.45
Беларусь;29.07.2020;1.52
Беларусь;30.07.2020;1.47
Беларусь;31.07.2020;1.48
Беларусь;01.08.2020;2.58
Беларусь;02.08.2020;2.87
Беларусь;03.08.2020;1.55
Беларусь;04.08.2020;1.43
Беларусь;05.08.2020;1.42
Беларусь;06.08.2020;1.38
Беларусь;07.08.2020;1.37
Беларусь;08.08.2020;2.43
Беларусь;09.08.2020;2.95
Беларусь;10.08.2020;2.18
Беларусь;11.08.2020;1.87
Беларусь;12.08.2020;1.52
Беларусь;13.08.2020;1.52
Беларусь;14.08.2020;1.47
Беларусь;15.08.2020;2.6
Беларусь;16.08.2020;2.87
Беларусь;17.08.2020;1.62
Беларусь;18.08.2020;1.47
Беларусь;19.08.2020;1.55
Беларусь;20.08.2020;1.45
Беларусь;21.08.2020;1.48
Беларусь;22.08.2020;2.5
Беларусь;23.08.2020;3
Беларусь;24.08.2020;1.55
Беларусь;25.08.2020;1.38
Беларусь;26.08.2020;1.38
Беларусь;27.08.2020;1.57
Беларусь;28.08.2020;1.43
Беларусь;29.08.2020;2.53
Беларусь;30.08.2020;2.97
Беларусь;31.08.2020;1.47
Беларусь;01.09.2020;1.2
Беларусь;02.09.2020;1.17
Беларусь;03.09.2020;1.15
Беларусь;04.09.2020;1.17
Беларусь;05.09.2020;2.55
Беларусь;06.09.2020;3.12
Беларусь;07.09.2020;1.32
Беларусь;08.09.2020;1.15
Беларусь;09.09.2020;1.15
Беларусь;10.09.2020;1.27
Беларусь;11.09.2020;1.13
Беларусь;12.09.2020;2.5
Беларусь;13.09.2020;3.08
Беларусь;14.09.2020;1.32
Беларусь;15.09.2020;1.17
Беларусь;16.09.2020;1.17
Беларусь;17.09.2020;1.33
Беларусь;18.09.2020;1.27
Беларусь;19.09.2020;2.48
Беларусь;20.09.2020;3.07
Беларусь;21.09.2020;1.23
Беларусь;22.09.2020;1.02
Беларусь;23.09.2020;1.07
Беларусь;24.09.2020;1.1
Беларусь;25.09.2020;1.05
Беларусь;26.09.2020;2.42
Беларусь;27.09.2020;3.22
Беларусь;28.09.2020;1.27
Беларусь;29.09.2020;1.15
Беларусь;30.09.2020;1.17
Беларусь;01.10.2020;1.13
Беларусь;02.10.2020;1.22
Беларусь;03.10.2020;2.68
Беларусь;04.10.2020;3.17
Беларусь;05.10.2020;1.25
Беларусь;06.10.2020;1.2
Беларусь;07.10.2020;1.18
Беларусь;08.10.2020;1.2
Беларусь;09.10.2020;1.17
Беларусь;10.10.2020;2.55
Беларусь;11.10.2020;3.23
Беларусь;12.10.2020;1.27
Беларусь;13.10.2020;1.22
Беларусь;14.10.2020;1.25
Беларусь;15.10.2020;1.23
Беларусь;16.10.2020;1.25
Беларусь;17.10.2020;2.75
Беларусь;18.10.2020;3.33
Беларусь;19.10.2020;1.35
Беларусь;20.10.2020;1.27
Беларусь;21.10.2020;1.3
Беларусь;22.10.2020;1.28
Беларусь;23.10.2020;1.23
Беларусь;24.10.2020;2.8
Беларусь;25.10.2020;3.28
Беларусь;26.10.2020;1.45
Беларусь;27.10.2020;1.32
Беларусь;28.10.2020;1.33
Беларусь;29.10.2020;1.42
Беларусь;30.10.2020;1.45
Беларусь;31.10.2020;2.83
Беларусь;01.11.2020;3.38
Беларусь;02.11.2020;1.72
Беларусь;03.11.2020;1.63
Беларусь;04.11.2020;1.72
Беларусь;05.11.2020;1.65
Беларусь;06.11.2020;1.75
Беларусь;07.11.2020;3.02
Беларусь;08.11.2020;3.43
Беларусь;09.11.2020;1.52
Беларусь;10.11.2020;1.43
Беларусь;11.11.2020;1.52
Беларусь;12.11.2020;1.53
Беларусь;13.11.2020;1.55
Беларусь;14.11.2020;2.97
Беларусь;15.11.2020;3.55
Беларусь;16.11.2020;1.63
Беларусь;17.11.2020;1.6
Беларусь;18.11.2020;1.63
Беларусь;19.11.2020;1.6
Беларусь;20.11.2020;1.58
Беларусь;21.11.2020;2.97
Беларусь;22.11.2020;3.6
Беларусь;23.11.2020;1.68
Беларусь;24.11.2020;1.55
Беларусь;25.11.2020;1.6
Беларусь;26.11.2020;1.6
Беларусь;27.11.2020;1.6
Грузия;23.02.2020;2.95
Грузия;24.02.2020;1.8
Грузия;25.02.2020;2.1
Грузия;26.02.2020;1.8
Грузия;27.02.2020;1.85
Грузия;28.02.2020;2
Грузия;29.02.2020;2.6
Грузия;01.03.2020;3.2
Грузия;02.03.2020;2.15
Грузия;03.03.2020;2.6
Грузия;04.03.2020;2
Грузия;05.03.2020;1.95
Грузия;06.03.2020;2.05
Грузия;07.03.2020;2.5
Грузия;08.03.2020;2.8
Грузия;09.03.2020;2.1
Грузия;10.03.2020;2.05
Грузия;11.03.2020;2.1
Грузия;12.03.2020;2.2
Грузия;13.03.2020;2.25
Грузия;14.03.2020;2.8
Грузия;15.03.2020;3.05
Грузия;16.03.2020;2.7
Грузия;17.03.2020;2.9
Грузия;18.03.2020;3.15
Грузия;19.03.2020;3.15
Грузия;20.03.2020;3.35
Грузия;21.03.2020;3.7
Грузия;22.03.2020;4
Грузия;23.03.2020;3.55
Грузия;24.03.2020;3.75
Грузия;25.03.2020;3.75
Грузия;26.03.2020;3.8
Грузия;27.03.2020;3.65
Грузия;28.03.2020;3.9
Грузия;29.03.2020;4.15
Грузия;30.03.2020;3.85
Грузия;31.03.2020;3.8
Грузия;01.04.2020;3.85
Грузия;02.04.2020;3.9
Грузия;03.04.2020;3.75
Грузия;04.04.2020;4.05
Грузия;05.04.2020;4.05
Грузия;06.04.2020;3.8
Грузия;07.04.2020;3.95
Грузия;08.04.2020;3.8
Грузия;09.04.2020;4
Грузия;10.04.2020;3.7
Грузия;11.04.2020;3.85
Грузия;12.04.2020;4.1
Грузия;13.04.2020;3.65
Грузия;14.04.2020;3.6
Грузия;15.04.2020;3.65
Грузия;16.04.2020;3.95
Грузия;17.04.2020;4.2
Грузия;18.04.2020;4.4
Грузия;19.04.2020;4.5
Грузия;20.04.2020;4.4
Грузия;21.04.2020;4.5
Грузия;22.04.2020;4.4
Грузия;23.04.2020;4.25
Грузия;24.04.2020;4.2
Грузия;25.04.2020;4.3
Грузия;26.04.2020;4.3
Грузия;27.04.2020;3.45
Грузия;28.04.2020;3.4
Грузия;29.04.2020;3.5
Грузия;30.04.2020;3.4
Грузия;01.05.2020;3.45
Грузия;02.05.2020;3.6
Грузия;03.05.2020;3.75
Грузия;04.05.2020;3.45
Грузия;05.05.2020;3.35
Грузия;06.05.2020;3.5
Грузия;07.05.2020;3.45
Грузия;08.05.2020;3.45
Грузия;09.05.2020;3.6
Грузия;10.05.2020;3.8
Грузия;11.05.2020;3
Грузия;12.05.2020;3.1
Грузия;13.05.2020;3.1
Грузия;14.05.2020;2.95
Грузия;15.05.2020;2.9
Грузия;16.05.2020;3.15
Грузия;17.05.2020;3.4
Грузия;18.05.2020;2.8
Грузия;19.05.2020;2.85
Грузия;20.05.2020;2.7
Грузия;21.05.2020;2.8
Грузия;22.05.2020;2.8
Грузия;23.05.2020;3.2
Грузия;24.05.2020;3.45
Грузия;25.05.2020;2.95
Грузия;26.05.2020;2.9
Грузия;27.05.2020;2.65
Грузия;28.05.2020;2.65
Грузия;29.05.2020;2.7
Грузия;30.05.2020;2.75
Грузия;31.05.2020;3.05
Грузия;01.06.2020;2.2
Грузия;02.06.2020;2.35
Грузия;03.06.2020;2.35
Грузия;04.06.2020;2.35
Грузия;05.06.2020;2.3
Грузия;06.06.2020;2.55
Грузия;07.06.2020;2.9
Грузия;08.06.2020;2.2
Грузия;09.06.2020;2.25
Грузия;10.06.2020;2.3
Грузия;11.06.2020;2.25
Грузия;12.06.2020;2.25
Грузия;13.06.2020;2.6
Грузия;14.06.2020;2.9
Грузия;15.06.2020;2.15
Грузия;16.06.2020;2.2
Грузия;17.06.2020;2.2
Грузия;18.06.2020;2.15
Грузия;19.06.2020;2.15
Грузия;20.06.2020;2.6
Грузия;21.06.2020;2.9
Грузия;22.06.2020;2.05
Грузия;23.06.2020;2.15
Грузия;24.06.2020;2.15
Грузия;25.06.2020;2.4
Грузия;26.06.2020;2.15
Грузия;27.06.2020;2.65
Грузия;28.06.2020;2.85
Грузия;29.06.2020;2.1
Грузия;30.06.2020;2.1
Грузия;01.07.2020;2.1
Грузия;02.07.2020;2.1
Грузия;03.07.2020;2.1
Грузия;04.07.2020;2.5
Грузия;05.07.2020;2.9
Грузия;06.07.2020;2.2
Грузия;07.07.2020;2.2
Грузия;08.07.2020;2.3
Грузия;09.07.2020;2.4
Грузия;10.07.2020;2.35
Грузия;11.07.2020;2.75
Грузия;12.07.2020;3.05
Грузия;13.07.2020;2.3
Грузия;14.07.2020;2.3
Грузия;15.07.2020;2.35
Грузия;16.07.2020;2.35
Грузия;17.07.2020;2.2
Грузия;18.07.2020;2.65
Грузия;19.07.2020;2.9
Грузия;20.07.2020;2.3
Грузия;21.07.2020;2.4
Грузия;22.07.2020;2.35
Грузия;23.07.2020;2.25
Грузия;24.07.2020;2.25
Грузия;25.07.2020;2.65
Грузия;26.07.2020;3
Грузия;27.07.2020;2.25
Грузия;28.07.2020;2.3
Грузия;29.07.2020;2.4
Грузия;30.07.2020;2.3
Грузия;31.07.2020;2.45
Грузия;01.08.2020;2.8
Грузия;02.08.2020;3
Грузия;03.08.2020;2.25
Грузия;04.08.2020;2.2
Грузия;05.08.2020;2.3
Грузия;06.08.2020;2.3
Грузия;07.08.2020;2.35
Грузия;08.08.2020;2.65
Грузия;09.08.2020;3
Грузия;10.08.2020;2.35
Грузия;11.08.2020;2.45
Грузия;12.08.2020;2.35
Грузия;13.08.2020;2.3
Грузия;14.08.2020;2.3
Грузия;15.08.2020;2.6
Грузия;16.08.2020;2.9
Грузия;17.08.2020;2.3
Грузия;18.08.2020;2.3
Грузия;19.08.2020;2.35
Грузия;20.08.2020;2.3
Грузия;21.08.2020;2.3
Грузия;22.08.2020;2.75
Грузия;23.08.2020;3.2
Грузия;24.08.2020;2.3
Грузия;25.08.2020;2.3
Грузия;26.08.2020;2.3
Грузия;27.08.2020;2.2
Грузия;28.08.2020;2.75
Грузия;29.08.2020;2.65
Грузия;30.08.2020;2.95
Грузия;31.08.2020;2.3
Грузия;01.09.2020;2.25
Грузия;02.09.2020;2.25
Грузия;03.09.2020;2.3
Грузия;04.09.2020;2.3
Грузия;05.09.2020;2.7
Грузия;06.09.2020;3
Грузия;07.09.2020;2.25
Грузия;08.09.2020;2.2
Грузия;09.09.2020;2.25
Грузия;10.09.2020;2.3
Грузия;11.09.2020;2.25
Грузия;12.09.2020;2.75
Грузия;13.09.2020;3
Грузия;14.09.2020;2.3
Грузия;15.09.2020;2.45
Грузия;16.09.2020;2.55
Грузия;17.09.2020;2.5
Грузия;18.09.2020;2.5
Грузия;19.09.2020;2.9
Грузия;20.09.2020;3.05
Грузия;21.09.2020;2.5
Грузия;22.09.2020;2.4
Грузия;23.09.2020;2.55
Грузия;24.09.2020;2.55
Грузия;25.09.2020;2.55
Грузия;26.09.2020;2.85
Грузия;27.09.2020;3.1
Грузия;28.09.2020;2.55
Грузия;29.09.2020;2.5
Грузия;30.09.2020;2.45
Грузия;01.10.2020;2.55
Грузия;02.10.2020;2.7
Грузия;03.10.2020;2.9
Грузия;04.10.2020;3.25
Грузия;05.10.2020;2.7
Грузия;06.10.2020;2.6
Грузия;07.10.2020;2.6
Грузия;08.10.2020;2.55
Грузия;09.10.2020;2.6
Грузия;10.10.2020;2.9
Грузия;11.10.2020;3.25
Грузия;12.10.2020;2.55
Грузия;13.10.2020;2.5
Грузия;14.10.2020;2.9
Грузия;15.10.2020;2.6
Грузия;16.10.2020;2.6
Грузия;17.10.2020;2.9
Грузия;18.10.2020;3.25
Грузия;19.10.2020;2.65
Грузия;20.10.2020;2.75
Грузия;21.10.2020;2.8
Грузия;22.10.2020;2.75
Грузия;23.10.2020;2.8
Грузия;24.10.2020;2.9
Грузия;25.10.2020;3.25
Грузия;26.10.2020;2.7
Грузия;27.10.2020;2.65
Грузия;28.10.2020;2.75
Грузия;29.10.2020;2.75
Грузия;30.10.2020;2.75
Грузия;31.10.2020;3.05
Грузия;01.11.2020;3.35
Грузия;02.11.2020;2.8
Грузия;03.11.2020;2.8
Грузия;04.11.2020;2.8
Грузия;05.11.2020;2.75
Грузия;06.11.2020;3.05
Грузия;07.11.2020;3.25
Грузия;08.11.2020;3.45
Грузия;09.11.2020;2.8
Грузия;10.11.2020;2.85
Грузия;11.11.2020;2.95
Грузия;12.11.2020;2.8
Грузия;13.11.2020;2.8
Грузия;14.11.2020;3
Грузия;15.11.2020;3.3
Грузия;16.11.2020;2.85
Грузия;17.11.2020;2.9
Грузия;18.11.2020;2.95
Грузия;19.11.2020;3.05
Грузия;20.11.2020;2.9
Грузия;21.11.2020;3.1
Грузия;22.11.2020;3.35
Грузия;23.11.2020;3.3
Грузия;24.11.2020;2.8
Грузия;25.11.2020;2.95
Грузия;26.11.2020;2.85
Грузия;27.11.2020;2.6
Казахстан;23.02.2020;2.75
Казахстан;24.02.2020;1.36
Казахстан;25.02.2020;1.21
Казахстан;26.02.2020;1.25
Казахстан;27.02.2020;1.52
Казахстан;28.02.2020;1.26
Казахстан;29.02.2020;2.17
Казахстан;01.03.2020;2.63
Казахстан;02.03.2020;1.15
Казахстан;03.03.2020;1.11
Казахстан;04.03.2020;1.11
Казахстан;05.03.2020;1.03
Казахстан;06.03.2020;1.1
Казахстан;07.03.2020;2.15
Казахстан;08.03.2020;2.52
Казахстан;09.03.2020;2.61
Казахстан;10.03.2020;1.11
Казахстан;11.03.2020;1.08
Казахстан;12.03.2020;1.09
Казахстан;13.03.2020;1.06
Казахстан;14.03.2020;2.12
Казахстан;15.03.2020;2.71
Казахстан;16.03.2020;1.73
Казахстан;17.03.2020;1.79
Казахстан;18.03.2020;1.88
Казахстан;19.03.2020;2.02
Казахстан;20.03.2020;2.03
Казахстан;21.03.2020;2.8
Казахстан;22.03.2020;3.12
Казахстан;23.03.2020;3
Казахстан;24.03.2020;2.89
Казахстан;25.03.2020;2.9
Казахстан;26.03.2020;2.21
Казахстан;27.03.2020;2.23
Казахстан;28.03.2020;3.01
Казахстан;29.03.2020;3.39
Казахстан;30.03.2020;2.66
Казахстан;31.03.2020;2.77
Казахстан;01.04.2020;2.99
Казахстан;02.04.2020;3.11
Казахстан;03.04.2020;3.1
Казахстан;04.04.2020;3.57
Казахстан;05.04.2020;3.85
Казахстан;06.04.2020;3.19
Казахстан;07.04.2020;3.36
Казахстан;08.04.2020;3.41
Казахстан;09.04.2020;3.44
Казахстан;10.04.2020;3.3
Казахстан;11.04.2020;3.56
Казахстан;12.04.2020;3.81
Казахстан;13.04.2020;3.23
Казахстан;14.04.2020;3.19
Казахстан;15.04.2020;3.28
Казахстан;16.04.2020;3.3
Казахстан;17.04.2020;3.26
Казахстан;18.04.2020;3.69
Казахстан;19.04.2020;3.84
Казахстан;20.04.2020;3.32
Казахстан;21.04.2020;3.26
Казахстан;22.04.2020;3.29
Казахстан;23.04.2020;3.25
Казахстан;24.04.2020;3.31
Казахстан;25.04.2020;3.59
Казахстан;26.04.2020;3.82
Казахстан;27.04.2020;3.18
Казахстан;28.04.2020;3.15
Казахстан;29.04.2020;3.11
Казахстан;30.04.2020;3.04
Казахстан;01.05.2020;3.28
Казахстан;02.05.2020;3.37
Казахстан;03.05.2020;3.6
Казахстан;04.05.2020;2.83
Казахстан;05.05.2020;2.75
Казахстан;06.05.2020;2.6
Казахстан;07.05.2020;2.87
Казахстан;08.05.2020;2.9
Казахстан;09.05.2020;3.12
Казахстан;10.05.2020;3.32
Казахстан;11.05.2020;2.45
Казахстан;12.05.2020;2.27
Казахстан;13.05.2020;2.22
Казахстан;14.05.2020;2.25
Казахстан;15.05.2020;2.17
Казахстан;16.05.2020;2.55
Казахстан;17.05.2020;2.92
Казахстан;18.05.2020;2.12
Казахстан;19.05.2020;2.13
Казахстан;20.05.2020;2.07
Казахстан;21.05.2020;2
Казахстан;22.05.2020;1.92
Казахстан;23.05.2020;2.42
Казахстан;24.05.2020;2.72
Казахстан;25.05.2020;1.85
Казахстан;26.05.2020;1.8
Казахстан;27.05.2020;1.8
Казахстан;28.05.2020;1.77
Казахстан;29.05.2020;1.7
Казахстан;30.05.2020;2.29
Казахстан;31.05.2020;2.72
Казахстан;01.06.2020;1.61
Казахстан;02.06.2020;1.57
Казахстан;03.06.2020;1.57
Казахстан;04.06.2020;1.57
Казахстан;05.06.2020;1.5
Казахстан;06.06.2020;2.05
Казахстан;07.06.2020;2.46
Казахстан;08.06.2020;1.54
Казахстан;09.06.2020;1.47
Казахстан;10.06.2020;1.48
Казахстан;11.06.2020;1.5
Казахстан;12.06.2020;1.53
Казахстан;13.06.2020;2.11
Казахстан;14.06.2020;2.6
Казахстан;15.06.2020;1.61
Казахстан;16.06.2020;1.56
Казахстан;17.06.2020;1.59
Казахстан;18.06.2020;1.62
Казахстан;19.06.2020;1.63
Казахстан;20.06.2020;2.48
Казахстан;21.06.2020;2.9
Казахстан;22.06.2020;1.78
Казахстан;23.06.2020;1.76
Казахстан;24.06.2020;1.87
Казахстан;25.06.2020;1.86
Казахстан;26.06.2020;1.86
Казахстан;27.06.2020;2.96
Казахстан;28.06.2020;3.3
Казахстан;29.06.2020;1.98
Казахстан;30.06.2020;1.95
Казахстан;01.07.2020;1.97
Казахстан;02.07.2020;1.96
Казахстан;03.07.2020;1.91
Казахстан;04.07.2020;2.52
Казахстан;05.07.2020;3.22
Казахстан;06.07.2020;2.98
Казахстан;07.07.2020;2.28
Казахстан;08.07.2020;2.32
Казахстан;09.07.2020;2.38
Казахстан;10.07.2020;2.35
Казахстан;11.07.2020;2.97
Казахстан;12.07.2020;3.33
Казахстан;13.07.2020;2.44
Казахстан;14.07.2020;2.36
Казахстан;15.07.2020;2.4
Казахстан;16.07.2020;2.4
Казахстан;17.07.2020;2.39
Казахстан;18.07.2020;2.97
Казахстан;19.07.2020;3.3
Казахстан;20.07.2020;2.38
Казахстан;21.07.2020;2.3
Казахстан;22.07.2020;2.3
Казахстан;23.07.2020;2.29
Казахстан;24.07.2020;2.31
Казахстан;25.07.2020;2.91
Казахстан;26.07.2020;3.24
Казахстан;27.07.2020;2.28
Казахстан;28.07.2020;2.24
Казахстан;29.07.2020;2.25
Казахстан;30.07.2020;2.22
Казахстан;31.07.2020;2.77
Казахстан;01.08.2020;2.87
Казахстан;02.08.2020;3.2
Казахстан;03.08.2020;2.17
Казахстан;04.08.2020;2.12
Казахстан;05.08.2020;2.08
Казахстан;06.08.2020;2.07
Казахстан;07.08.2020;2.02
Казахстан;08.08.2020;2.64
Казахстан;09.08.2020;3.02
Казахстан;10.08.2020;2.07
Казахстан;11.08.2020;1.99
Казахстан;12.08.2020;2
Казахстан;13.08.2020;2.01
Казахстан;14.08.2020;1.98
Казахстан;15.08.2020;2.59
Казахстан;16.08.2020;2.97
Казахстан;17.08.2020;1.79
Казахстан;18.08.2020;1.75
Казахстан;19.08.2020;1.75
Казахстан;20.08.2020;1.74
Казахстан;21.08.2020;1.72
Казахстан;22.08.2020;2.58
Казахстан;23.08.2020;3
Казахстан;24.08.2020;1.7
Казахстан;25.08.2020;1.73
Казахстан;26.08.2020;1.75
Казахстан;27.08.2020;1.73
Казахстан;28.08.2020;1.67
Казахстан;29.08.2020;2.53
Казахстан;30.08.2020;2.92
Казахстан;31.08.2020;2.55
Казахстан;01.09.2020;1.71
Казахстан;02.09.2020;1.85
Казахстан;03.09.2020;1.89
Казахстан;04.09.2020;1.84
Казахстан;05.09.2020;2.53
Казахстан;06.09.2020;2.96
Казахстан;07.09.2020;1.84
Казахстан;08.09.2020;1.8
Казахстан;09.09.2020;1.82
Казахстан;10.09.2020;1.88
Казахстан;11.09.2020;1.81
Казахстан;12.09.2020;2.46
Казахстан;13.09.2020;2.87
Казахстан;14.09.2020;1.81
Казахстан;15.09.2020;1.81
Казахстан;16.09.2020;1.84
Казахстан;17.09.2020;1.93
Казахстан;18.09.2020;1.84
Казахстан;19.09.2020;2.45
Казахстан;20.09.2020;2.89
Казахстан;21.09.2020;1.87
Казахстан;22.09.2020;1.75
Казахстан;23.09.2020;1.84
Казахстан;24.09.2020;1.91
Казахстан;25.09.2020;1.87
Казахстан;26.09.2020;2.43
Казахстан;27.09.2020;2.9
Казахстан;28.09.2020;1.89
Казахстан;29.09.2020;1.86
Казахстан;30.09.2020;1.84
Казахстан;01.10.2020;1.83
Казахстан;02.10.2020;1.81
Казахстан;03.10.2020;2.39
Казахстан;04.10.2020;2.88
Казахстан;05.10.2020;1.91
Казахстан;06.10.2020;1.9
Казахстан;07.10.2020;1.88
Казахстан;08.10.2020;1.91
Казахстан;09.10.2020;1.83
Казахстан;10.10.2020;2.41
Казахстан;11.10.2020;2.89
Казахстан;12.10.2020;1.89
Казахстан;13.10.2020;1.86
Казахстан;14.10.2020;1.84
Казахстан;15.10.2020;1.85
Казахстан;16.10.2020;1.82
Казахстан;17.10.2020;2.43
Казахстан;18.10.2020;2.92
Казахстан;19.10.2020;1.89
Казахстан;20.10.2020;1.85
Казахстан;21.10.2020;1.9
Казахстан;22.10.2020;1.95
Казахстан;23.10.2020;1.93
Казахстан;24.10.2020;2.54
Казахстан;25.10.2020;3.06
Казахстан;26.10.2020;1.99
Казахстан;27.10.2020;1.97
Казахстан;28.10.2020;2.02
Казахстан;29.10.2020;2.01
Казахстан;30.10.2020;1.98
Казахстан;31.10.2020;2.51
Казахстан;01.11.2020;3
Казахстан;02.11.2020;1.94
Казахстан;03.11.2020;1.92
Казахстан;04.11.2020;1.95
Казахстан;05.11.2020;1.82
Казахстан;06.11.2020;1.77
Казахстан;07.11.2020;2.45
Казахстан;08.11.2020;3.02
Казахстан;09.11.2020;1.92
Казахстан;10.11.2020;1.84
Казахстан;11.11.2020;1.85
Казахстан;12.11.2020;1.9
Казахстан;13.11.2020;1.88
Казахстан;14.11.2020;2.61
Казахстан;15.11.2020;3.16
Казахстан;16.11.2020;2
Казахстан;17.11.2020;2.03
Казахстан;18.11.2020;2.04
Казахстан;19.11.2020;2.08
Казахстан;20.11.2020;2.02
Казахстан;21.11.2020;2.71
Казахстан;22.11.2020;3.24
Казахстан;23.11.2020;2.07
Казахстан;24.11.2020;2.05
Казахстан;25.11.2020;2.05
Казахстан;26.11.2020;2.05
Казахстан;27.11.2020;1.99
Киргизия;23.02.2020;2.2
Киргизия;24.02.2020;0.8
Киргизия;25.02.2020;0.5
Киргизия;26.02.2020;0.5
Киргизия;27.02.2020;0.7
Киргизия;28.02.2020;0.6
Киргизия;29.02.2020;1.3
Киргизия;01.03.2020;1.9
Киргизия;02.03.2020;0.4
Киргизия;03.03.2020;0.5
Киргизия;04.03.2020;0.4
Киргизия;05.03.2020;0.4
Киргизия;06.03.2020;0.6
Киргизия;07.03.2020;1.6
Киргизия;08.03.2020;2.1
Киргизия;09.03.2020;0.9
Киргизия;10.03.2020;0.5
Киргизия;11.03.2020;0.4
Киргизия;12.03.2020;0.5
Киргизия;13.03.2020;0.5
Киргизия;14.03.2020;1.3
Киргизия;15.03.2020;2
Киргизия;16.03.2020;1
Киргизия;17.03.2020;1.1
Киргизия;18.03.2020;1.2
Киргизия;19.03.2020;1.5
Киргизия;20.03.2020;1.6
Киргизия;21.03.2020;2.5
Киргизия;22.03.2020;3.1
Киргизия;23.03.2020;2.6
Киргизия;24.03.2020;2.7
Киргизия;25.03.2020;3.4
Киргизия;26.03.2020;3.9
Киргизия;27.03.2020;3.8
Киргизия;28.03.2020;4.1
Киргизия;29.03.2020;4.2
Киргизия;30.03.2020;3.8
Киргизия;31.03.2020;3.9
Киргизия;01.04.2020;4.1
Киргизия;02.04.2020;4.2
Киргизия;03.04.2020;4
Киргизия;04.04.2020;4.2
Киргизия;05.04.2020;4.3
Киргизия;06.04.2020;4
Киргизия;07.04.2020;4
Киргизия;08.04.2020;4.1
Киргизия;09.04.2020;4.3
Киргизия;10.04.2020;4.1
Киргизия;11.04.2020;4.1
Киргизия;12.04.2020;4.2
Киргизия;13.04.2020;4
Киргизия;14.04.2020;3.9
Киргизия;15.04.2020;4
Киргизия;16.04.2020;3.9
Киргизия;17.04.2020;3.8
Киргизия;18.04.2020;3.9
Киргизия;19.04.2020;4
Киргизия;20.04.2020;3.7
Киргизия;21.04.2020;3.7
Киргизия;22.04.2020;3.7
Киргизия;23.04.2020;3.8
Киргизия;24.04.2020;3.8
Киргизия;25.04.2020;4
Киргизия;26.04.2020;4.1
Киргизия;27.04.2020;3.9
Киргизия;28.04.2020;3.8
Киргизия;29.04.2020;3.8
Киргизия;30.04.2020;3.8
Киргизия;01.05.2020;3.5
Киргизия;02.05.2020;3.5
Киргизия;03.05.2020;3.8
Киргизия;04.05.2020;3.3
Киргизия;05.05.2020;3.4
Киргизия;06.05.2020;3.2
Киргизия;07.05.2020;3.2
Киргизия;08.05.2020;3.2
Киргизия;09.05.2020;3.6
Киргизия;10.05.2020;3.7
Киргизия;11.05.2020;2.8
Киргизия;12.05.2020;2.7
Киргизия;13.05.2020;2.4
Киргизия;14.05.2020;2.5
Киргизия;15.05.2020;2.4
Киргизия;16.05.2020;2.6
Киргизия;17.05.2020;3
Киргизия;18.05.2020;2.2
Киргизия;19.05.2020;2.4
Киргизия;20.05.2020;2.2
Киргизия;21.05.2020;2
Киргизия;22.05.2020;2
Киргизия;23.05.2020;2.4
Киргизия;24.05.2020;2.9
Киргизия;25.05.2020;2.1
Киргизия;26.05.2020;1.6
Киргизия;27.05.2020;1.5
Киргизия;28.05.2020;1.5
Киргизия;29.05.2020;1.4
Киргизия;30.05.2020;1.8
Киргизия;31.05.2020;2.3
Киргизия;01.06.2020;1.2
Киргизия;02.06.2020;1.2
Киргизия;03.06.2020;1.3
Киргизия;04.06.2020;1.3
Киргизия;05.06.2020;1.1
Киргизия;06.06.2020;1.6
Киргизия;07.06.2020;2.1
Киргизия;08.06.2020;1
Киргизия;09.06.2020;1.2
Киргизия;10.06.2020;1.2
Киргизия;11.06.2020;1.1
Киргизия;12.06.2020;1.1
Киргизия;13.06.2020;1.5
Киргизия;14.06.2020;2.1
Киргизия;15.06.2020;1.1
Киргизия;16.06.2020;1.1
Киргизия;17.06.2020;1.1
Киргизия;18.06.2020;1.2
Киргизия;19.06.2020;1.2
Киргизия;20.06.2020;1.6
Киргизия;21.06.2020;2.2
Киргизия;22.06.2020;1.3
Киргизия;23.06.2020;1.3
Киргизия;24.06.2020;1.3
Киргизия;25.06.2020;1.4
Киргизия;26.06.2020;1.4
Киргизия;27.06.2020;2.3
Киргизия;28.06.2020;2.8
Киргизия;29.06.2020;1.5
Киргизия;30.06.2020;1.5
Киргизия;01.07.2020;1.7
Киргизия;02.07.2020;1.8
Киргизия;03.07.2020;1.9
Киргизия;04.07.2020;2.4
Киргизия;05.07.2020;2.9
Киргизия;06.07.2020;2
Киргизия;07.07.2020;2.1
Киргизия;08.07.2020;2.1
Киргизия;09.07.2020;2.2
Киргизия;10.07.2020;2.2
Киргизия;11.07.2020;2.6
Киргизия;12.07.2020;3.2
Киргизия;13.07.2020;2.3
Киргизия;14.07.2020;2.3
Киргизия;15.07.2020;2.3
Киргизия;16.07.2020;2.3
Киргизия;17.07.2020;2.2
Киргизия;18.07.2020;2.7
Киргизия;19.07.2020;3.1
Киргизия;20.07.2020;2.1
Киргизия;21.07.2020;2
Киргизия;22.07.2020;2
Киргизия;23.07.2020;2
Киргизия;24.07.2020;1.9
Киргизия;25.07.2020;2.3
Киргизия;26.07.2020;2.8
Киргизия;27.07.2020;1.8
Киргизия;28.07.2020;1.8
Киргизия;29.07.2020;1.7
Киргизия;30.07.2020;1.8
Киргизия;31.07.2020;2.6
Киргизия;01.08.2020;2.4
Киргизия;02.08.2020;2.7
Киргизия;03.08.2020;1.5
Киргизия;04.08.2020;1.6
Киргизия;05.08.2020;1.6
Киргизия;06.08.2020;1.6
Киргизия;07.08.2020;1.6
Киргизия;08.08.2020;2
Киргизия;09.08.2020;2.6
Киргизия;10.08.2020;1.5
Киргизия;11.08.2020;1.4
Киргизия;12.08.2020;1.4
Киргизия;13.08.2020;1.4
Киргизия;14.08.2020;1.4
Киргизия;15.08.2020;2
Киргизия;16.08.2020;2.5
Киргизия;17.08.2020;1.3
Киргизия;18.08.2020;1.4
Киргизия;19.08.2020;1.3
Киргизия;20.08.2020;1.4
Киргизия;21.08.2020;1.4
Киргизия;22.08.2020;1.8
Киргизия;23.08.2020;2.4
Киргизия;24.08.2020;1.3
Киргизия;25.08.2020;1.2
Киргизия;26.08.2020;1.2
Киргизия;27.08.2020;1.3
Киргизия;28.08.2020;1.2
Киргизия;29.08.2020;1.7
Киргизия;30.08.2020;2.2
Киргизия;31.08.2020;1.9
Киргизия;01.09.2020;1.2
Киргизия;02.09.2020;1.3
Киргизия;03.09.2020;1.4
Киргизия;04.09.2020;1.4
Киргизия;05.09.2020;1.8
Киргизия;06.09.2020;2.3
Киргизия;07.09.2020;1.4
Киргизия;08.09.2020;1.4
Киргизия;09.09.2020;1.4
Киргизия;10.09.2020;1.5
Киргизия;11.09.2020;1.5
Киргизия;12.09.2020;1.8
Киргизия;13.09.2020;2.3
Киргизия;14.09.2020;1.4
Киргизия;15.09.2020;1.4
Киргизия;16.09.2020;1.5
Киргизия;17.09.2020;1.5
Киргизия;18.09.2020;1.5
Киргизия;19.09.2020;1.8
Киргизия;20.09.2020;2.3
Киргизия;21.09.2020;1.4
Киргизия;22.09.2020;1.3
Киргизия;23.09.2020;1.4
Киргизия;24.09.2020;1.5
Киргизия;25.09.2020;1.5
Киргизия;26.09.2020;1.7
Киргизия;27.09.2020;2.2
Киргизия;28.09.2020;1.4
Киргизия;29.09.2020;1.4
Киргизия;30.09.2020;1.4
Киргизия;01.10.2020;1.4
Киргизия;02.10.2020;1.4
Киргизия;03.10.2020;1.8
Киргизия;04.10.2020;2.1
Киргизия;05.10.2020;1.5
Киргизия;06.10.2020;2.3
Киргизия;07.10.2020;2
Киргизия;08.10.2020;1.9
Киргизия;09.10.2020;1.9
Киргизия;10.10.2020;2.3
Киргизия;11.10.2020;2.5
Киргизия;12.10.2020;1.6
Киргизия;13.10.2020;1.5
Киргизия;14.10.2020;1.5
Киргизия;15.10.2020;1.6
Киргизия;16.10.2020;1.5
Киргизия;17.10.2020;1.9
Киргизия;18.10.2020;2.4
Киргизия;19.10.2020;1.5
Киргизия;20.10.2020;1.5
Киргизия;21.10.2020;1.5
Киргизия;22.10.2020;1.6
Киргизия;23.10.2020;1.8
Киргизия;24.10.2020;2
Киргизия;25.10.2020;2.4
Киргизия;26.10.2020;1.5
Киргизия;27.10.2020;1.6
Киргизия;28.10.2020;1.7
Киргизия;29.10.2020;1.6
Киргизия;30.10.2020;1.5
Киргизия;31.10.2020;1.9
Киргизия;01.11.2020;2.3
Киргизия;02.11.2020;1.5
Киргизия;03.11.2020;1.4
Киргизия;04.11.2020;1.4
Киргизия;05.11.2020;1.4
Киргизия;06.11.2020;1.4
Киргизия;07.11.2020;1.8
Киргизия;08.11.2020;2.3
Киргизия;09.11.2020;2
Киргизия;10.11.2020;1.7
Киргизия;11.11.2020;1.4
Киргизия;12.11.2020;1.6
Киргизия;13.11.2020;1.6
Киргизия;14.11.2020;2.1
Киргизия;15.11.2020;2.6
Киргизия;16.11.2020;1.6
Киргизия;17.11.2020;1.7
Киргизия;18.11.2020;1.7
Киргизия;19.11.2020;1.8
Киргизия;20.11.2020;1.7
Киргизия;21.11.2020;2.1
Киргизия;22.11.2020;2.6
Киргизия;23.11.2020;1.7
Киргизия;24.11.2020;1.7
Киргизия;25.11.2020;1.7
Киргизия;26.11.2020;1.7
Киргизия;27.11.2020;1.6
Молдова;23.02.2020;3.23
Молдова;24.02.2020;2.97
Молдова;25.02.2020;1.77
Молдова;26.02.2020;1.7
Молдова;27.02.2020;1.8
Молдова;28.02.2020;1.7
Молдова;29.02.2020;2.8
Молдова;01.03.2020;3.23
Молдова;02.03.2020;1.87
Молдова;03.03.2020;1.6
Молдова;04.03.2020;1.63
Молдова;05.03.2020;1.73
Молдова;06.03.2020;1.73
Молдова;07.03.2020;2.53
Молдова;08.03.2020;3
Молдова;09.03.2020;2.57
Молдова;10.03.2020;1.6
Молдова;11.03.2020;1.87
Молдова;12.03.2020;1.9
Молдова;13.03.2020;1.9
Молдова;14.03.2020;2.97
Молдова;15.03.2020;3.7
Молдова;16.03.2020;2.67
Молдова;17.03.2020;2.93
Молдова;18.03.2020;3.1
Молдова;19.03.2020;3.17
Молдова;20.03.2020;3.23
Молдова;21.03.2020;3.8
Молдова;22.03.2020;4.37
Молдова;23.03.2020;3.4
Молдова;24.03.2020;3.57
Молдова;25.03.2020;3.63
Молдова;26.03.2020;3.57
Молдова;27.03.2020;3.53
Молдова;28.03.2020;4.03
Молдова;29.03.2020;4.33
Молдова;30.03.2020;3.67
Молдова;31.03.2020;3.7
Молдова;01.04.2020;3.73
Молдова;02.04.2020;3.73
Молдова;03.04.2020;3.77
Молдова;04.04.2020;4.17
Молдова;05.04.2020;4.43
Молдова;06.04.2020;3.67
Молдова;07.04.2020;3.63
Молдова;08.04.2020;3.63
Молдова;09.04.2020;3.57
Молдова;10.04.2020;3.57
Молдова;11.04.2020;4
Молдова;12.04.2020;4.27
Молдова;13.04.2020;3.63
Молдова;14.04.2020;3.57
Молдова;15.04.2020;3.63
Молдова;16.04.2020;3.53
Молдова;17.04.2020;3.5
Молдова;18.04.2020;4.17
Молдова;19.04.2020;4.3
Молдова;20.04.2020;4.4
Молдова;21.04.2020;3.73
Молдова;22.04.2020;3.67
Молдова;23.04.2020;3.6
Молдова;24.04.2020;3.53
Молдова;25.04.2020;4
Молдова;26.04.2020;4.33
Молдова;27.04.2020;3.9
Молдова;28.04.2020;3.37
Молдова;29.04.2020;3.4
Молдова;30.04.2020;3.37
Молдова;01.05.2020;3.73
Молдова;02.05.2020;3.97
Молдова;03.05.2020;4.23
Молдова;04.05.2020;3.57
Молдова;05.05.2020;3.2
Молдова;06.05.2020;3.3
Молдова;07.05.2020;3.27
Молдова;08.05.2020;3.17
Молдова;09.05.2020;3.63
Молдова;10.05.2020;4
Молдова;11.05.2020;3.43
Молдова;12.05.2020;3
Молдова;13.05.2020;2.97
Молдова;14.05.2020;3.03
Молдова;15.05.2020;2.93
Молдова;16.05.2020;3.4
Молдова;17.05.2020;3.83
Молдова;18.05.2020;2.87
Молдова;19.05.2020;2.77
Молдова;20.05.2020;3
Молдова;21.05.2020;2.83
Молдова;22.05.2020;2.77
Молдова;23.05.2020;3.3
Молдова;24.05.2020;3.73
Молдова;25.05.2020;2.77
Молдова;26.05.2020;2.57
Молдова;27.05.2020;2.63
Молдова;28.05.2020;3.07
Молдова;29.05.2020;2.73
Молдова;30.05.2020;3.4
Молдова;31.05.2020;3.7
Молдова;01.06.2020;2.7
Молдова;02.06.2020;2.43
Молдова;03.06.2020;2.47
Молдова;04.06.2020;2.47
Молдова;05.06.2020;2.47
Молдова;06.06.2020;3.03
Молдова;07.06.2020;3.53
Молдова;08.06.2020;2.87
Молдова;09.06.2020;2.3
Молдова;10.06.2020;2.33
Молдова;11.06.2020;2.43
Молдова;12.06.2020;2.37
Молдова;13.06.2020;3
Молдова;14.06.2020;3.67
Молдова;15.06.2020;2.47
Молдова;16.06.2020;2.23
Молдова;17.06.2020;2.2
Молдова;18.06.2020;2.27
Молдова;19.06.2020;2.23
Молдова;20.06.2020;3.03
Молдова;21.06.2020;3.43
Молдова;22.06.2020;2.4
Молдова;23.06.2020;2.17
Молдова;24.06.2020;2.23
Молдова;25.06.2020;2.23
Молдова;26.06.2020;2.2
Молдова;27.06.2020;2.97
Молдова;28.06.2020;3.5
Молдова;29.06.2020;2.37
Молдова;30.06.2020;2.17
Молдова;01.07.2020;2.23
Молдова;02.07.2020;2.3
Молдова;03.07.2020;2.3
Молдова;04.07.2020;3
Молдова;05.07.2020;3.47
Молдова;06.07.2020;2.4
Молдова;07.07.2020;2.2
Молдова;08.07.2020;2.2
Молдова;09.07.2020;2.27
Молдова;10.07.2020;2.27
Молдова;11.07.2020;2.97
Молдова;12.07.2020;3.47
Молдова;13.07.2020;2.43
Молдова;14.07.2020;2.13
Молдова;15.07.2020;2.27
Молдова;16.07.2020;2.2
Молдова;17.07.2020;2.27
Молдова;18.07.2020;2.97
Молдова;19.07.2020;3.37
Молдова;20.07.2020;2.4
Молдова;21.07.2020;2.23
Молдова;22.07.2020;2.3
Молдова;23.07.2020;2.37
Молдова;24.07.2020;2.27
Молдова;25.07.2020;2.97
Молдова;26.07.2020;3.43
Молдова;27.07.2020;2.47
Молдова;28.07.2020;2.3
Молдова;29.07.2020;2.4
Молдова;30.07.2020;2.43
Молдова;31.07.2020;2.33
Молдова;01.08.2020;2.97
Молдова;02.08.2020;3.37
Молдова;03.08.2020;2.43
Молдова;04.08.2020;2.17
Молдова;05.08.2020;2.3
Молдова;06.08.2020;2.33
Молдова;07.08.2020;2.37
Молдова;08.08.2020;3.07
Молдова;09.08.2020;3.43
Молдова;10.08.2020;2.43
Молдова;11.08.2020;2.3
Молдова;12.08.2020;2.23
Молдова;13.08.2020;2.27
Молдова;14.08.2020;2.23
Молдова;15.08.2020;2.83
Молдова;16.08.2020;3.3
Молдова;17.08.2020;2.4
Молдова;18.08.2020;2.2
Молдова;19.08.2020;2.17
Молдова;20.08.2020;2.3
Молдова;21.08.2020;2.37
Молдова;22.08.2020;2.87
Молдова;23.08.2020;3.33
Молдова;24.08.2020;2.4
Молдова;25.08.2020;2.2
Молдова;26.08.2020;2.23
Молдова;27.08.2020;2.5
Молдова;28.08.2020;2.43
Молдова;29.08.2020;3
Молдова;30.08.2020;3.33
Молдова;31.08.2020;2.63
Молдова;01.09.2020;2.17
Молдова;02.09.2020;2.8
Молдова;03.09.2020;2.23
Молдова;04.09.2020;2.13
Молдова;05.09.2020;3.03
Молдова;06.09.2020;3.5
Молдова;07.09.2020;2.37
Молдова;08.09.2020;2.03
Молдова;09.09.2020;2.13
Молдова;10.09.2020;2.23
Молдова;11.09.2020;2.17
Молдова;12.09.2020;2.97
Молдова;13.09.2020;3.37
Молдова;14.09.2020;2.27
Молдова;15.09.2020;2.13
Молдова;16.09.2020;2.13
Молдова;17.09.2020;2.2
Молдова;18.09.2020;2.23
Молдова;19.09.2020;2.87
Молдова;20.09.2020;3.37
Молдова;21.09.2020;2.2
Молдова;22.09.2020;2.03
Молдова;23.09.2020;2.17
Молдова;24.09.2020;2.13
Молдова;25.09.2020;2.17
Молдова;26.09.2020;2.9
Молдова;27.09.2020;3.4
Молдова;28.09.2020;2.2
Молдова;29.09.2020;2.3
Молдова;30.09.2020;2.13
Молдова;01.10.2020;2.13
Молдова;02.10.2020;2.13
Молдова;03.10.2020;3
Молдова;04.10.2020;3.5
Молдова;05.10.2020;2.23
Молдова;06.10.2020;2.07
Молдова;07.10.2020;2.13
Молдова;08.10.2020;2.2
Молдова;09.10.2020;2.07
Молдова;10.10.2020;3
Молдова;11.10.2020;3.43
Молдова;12.10.2020;2.17
Молдова;13.10.2020;2
Молдова;14.10.2020;2.43
Молдова;15.10.2020;2.17
Молдова;16.10.2020;2
Молдова;17.10.2020;3.03
Молдова;18.10.2020;3.4
Молдова;19.10.2020;2.2
Молдова;20.10.2020;2.03
Молдова;21.10.2020;2.07
Молдова;22.10.2020;2.03
Молдова;23.10.2020;2
Молдова;24.10.2020;2.93
Молдова;25.10.2020;3.43
Молдова;26.10.2020;2.27
Молдова;27.10.2020;2.13
Молдова;28.10.2020;2.23
Молдова;29.10.2020;2.27
Молдова;30.10.2020;2.17
Молдова;31.10.2020;3.07
Молдова;01.11.2020;3.67
Молдова;02.11.2020;2.5
Молдова;03.11.2020;2.27
Молдова;04.11.2020;2.27
Молдова;05.11.2020;2.3
Молдова;06.11.2020;2.3
Молдова;07.11.2020;3.1
Молдова;08.11.2020;3.43
Молдова;09.11.2020;2.7
Молдова;10.11.2020;2.33
Молдова;11.11.2020;2.33
Молдова;12.11.2020;2.33
Молдова;13.11.2020;2.33
Молдова;14.11.2020;3.13
Молдова;15.11.2020;3.47
Молдова;16.11.2020;2.63
Молдова;17.11.2020;2.43
Молдова;18.11.2020;2.5
Молдова;19.11.2020;2.53
Молдова;20.11.2020;2.43
Молдова;21.11.2020;3.2
Молдова;22.11.2020;3.67
Молдова;23.11.2020;2.53
Молдова;24.11.2020;2.4
Молдова;25.11.2020;2.4
Молдова;26.11.2020;2.47
Молдова;27.11.2020;2.5
Россия;23.02.2020;2.73
Россия;24.02.2020;2.91
Россия;25.02.2020;1.17
Россия;26.02.2020;1.11
Россия;27.02.2020;1.11
Россия;28.02.2020;1.1
Россия;29.02.2020;2.3
Россия;01.03.2020;2.76
Россия;02.03.2020;1.15
Россия;03.03.2020;1.03
Россия;04.03.2020;1
Россия;05.03.2020;0.96
Россия;06.03.2020;1.03
Россия;07.03.2020;2.14
Россия;08.03.2020;2.55
Россия;09.03.2020;2.79
Россия;10.03.2020;1.07
Россия;11.03.2020;1.04
Россия;12.03.2020;1.05
Россия;13.03.2020;1.06
Россия;14.03.2020;2.21
Россия;15.03.2020;2.91
Россия;16.03.2020;1.19
Россия;17.03.2020;1.16
Россия;18.03.2020;1.28
Россия;19.03.2020;1.34
Россия;20.03.2020;1.36
Россия;21.03.2020;2.46
Россия;22.03.2020;2.95
Россия;23.03.2020;1.58
Россия;24.03.2020;1.54
Россия;25.03.2020;1.51
Россия;26.03.2020;1.53
Россия;27.03.2020;1.53
Россия;28.03.2020;2.85
Россия;29.03.2020;3.4
Россия;30.03.2020;2.97
Россия;31.03.2020;3.15
Россия;01.04.2020;3.38
Россия;02.04.2020;3.47
Россия;03.04.2020;3.35
Россия;04.04.2020;3.68
Россия;05.04.2020;3.87
Россия;06.04.2020;3.02
Россия;07.04.2020;2.96
Россия;08.04.2020;2.92
Россия;09.04.2020;2.85
Россия;10.04.2020;2.78
Россия;11.04.2020;3.31
Россия;12.04.2020;3.62
Россия;13.04.2020;2.73
Россия;14.04.2020;2.7
Россия;15.04.2020;2.72
Россия;16.04.2020;2.77
Россия;17.04.2020;2.72
Россия;18.04.2020;3.33
Россия;19.04.2020;3.58
Россия;20.04.2020;2.78
Россия;21.04.2020;2.7
Россия;22.04.2020;2.74
Россия;23.04.2020;2.7
Россия;24.04.2020;2.62
Россия;25.04.2020;3.14
Россия;26.04.2020;3.42
Россия;27.04.2020;2.52
Россия;28.04.2020;2.49
Россия;29.04.2020;2.45
Россия;30.04.2020;2.34
Россия;01.05.2020;3.03
Россия;02.05.2020;3.06
Россия;03.05.2020;3.16
Россия;04.05.2020;2.91
Россия;05.05.2020;2.89
Россия;06.05.2020;2.32
Россия;07.05.2020;2.3
Россия;08.05.2020;2.24
Россия;09.05.2020;2.98
Россия;10.05.2020;3.15
Россия;11.05.2020;2.84
Россия;12.05.2020;2.07
Россия;13.05.2020;2.1
Россия;14.05.2020;2.07
Россия;15.05.2020;2.01
Россия;16.05.2020;2.67
Россия;17.05.2020;2.99
Россия;18.05.2020;2.01
Россия;19.05.2020;1.97
Россия;20.05.2020;1.95
Россия;21.05.2020;1.98
Россия;22.05.2020;1.93
Россия;23.05.2020;2.6
Россия;24.05.2020;2.96
Россия;25.05.2020;1.9
Россия;26.05.2020;1.77
Россия;27.05.2020;1.73
Россия;28.05.2020;1.69
Россия;29.05.2020;1.72
Россия;30.05.2020;2.39
Россия;31.05.2020;2.93
Россия;01.06.2020;1.72
Россия;02.06.2020;1.66
Россия;03.06.2020;1.65
Россия;04.06.2020;1.63
Россия;05.06.2020;1.56
Россия;06.06.2020;2.25
Россия;07.06.2020;2.64
Россия;08.06.2020;1.56
Россия;09.06.2020;1.46
Россия;10.06.2020;1.46
Россия;11.06.2020;1.43
Россия;12.06.2020;2.24
Россия;13.06.2020;2.35
Россия;14.06.2020;2.6
Россия;15.06.2020;1.4
Россия;16.06.2020;1.32
Россия;17.06.2020;1.36
Россия;18.06.2020;1.38
Россия;19.06.2020;1.39
Россия;20.06.2020;2.18
Россия;21.06.2020;2.63
Россия;22.06.2020;1.44
Россия;23.06.2020;1.32
Россия;24.06.2020;2.21
Россия;25.06.2020;1.33
Россия;26.06.2020;1.26
Россия;27.06.2020;2.04
Россия;28.06.2020;2.53
Россия;29.06.2020;1.32
Россия;30.06.2020;1.21
Россия;01.07.2020;1.97
Россия;02.07.2020;1.23
Россия;03.07.2020;1.19
Россия;04.07.2020;2.02
Россия;05.07.2020;2.47
Россия;06.07.2020;1.3
Россия;07.07.2020;1.24
Россия;08.07.2020;1.31
Россия;09.07.2020;1.34
Россия;10.07.2020;1.29
Россия;11.07.2020;2.06
Россия;12.07.2020;2.49
Россия;13.07.2020;1.42
Россия;14.07.2020;1.36
Россия;15.07.2020;1.37
Россия;16.07.2020;1.36
Россия;17.07.2020;1.35
Россия;18.07.2020;2.06
Россия;19.07.2020;2.5
Россия;20.07.2020;1.44
Россия;21.07.2020;1.39
Россия;22.07.2020;1.41
Россия;23.07.2020;1.41
Россия;24.07.2020;1.35
Россия;25.07.2020;2.07
Россия;26.07.2020;2.51
Россия;27.07.2020;1.43
Россия;28.07.2020;1.36
Россия;29.07.2020;1.39
Россия;30.07.2020;1.42
Россия;31.07.2020;1.51
Россия;01.08.2020;2.2
Россия;02.08.2020;2.57
Россия;03.08.2020;1.45
Россия;04.08.2020;1.4
Россия;05.08.2020;1.38
Россия;06.08.2020;1.39
Россия;07.08.2020;1.38
Россия;08.08.2020;2.11
Россия;09.08.2020;2.57
Россия;10.08.2020;1.46
Россия;11.08.2020;1.39
Россия;12.08.2020;1.41
Россия;13.08.2020;1.43
Россия;14.08.2020;1.39
Россия;15.08.2020;2.1
Россия;16.08.2020;2.52
Россия;17.08.2020;1.42
Россия;18.08.2020;1.34
Россия;19.08.2020;1.37
Россия;20.08.2020;1.37
Россия;21.08.2020;1.36
Россия;22.08.2020;2.08
Россия;23.08.2020;2.5
Россия;24.08.2020;1.39
Россия;25.08.2020;1.29
Россия;26.08.2020;1.34
Россия;27.08.2020;1.31
Россия;28.08.2020;1.28
Россия;29.08.2020;2.04
Россия;30.08.2020;2.47
Россия;31.08.2020;1.31
Россия;01.09.2020;1.19
Россия;02.09.2020;1.2
Россия;03.09.2020;1.18
Россия;04.09.2020;1.16
Россия;05.09.2020;2.12
Россия;06.09.2020;2.61
Россия;07.09.2020;1.2
Россия;08.09.2020;1.17
Россия;09.09.2020;1.22
Россия;10.09.2020;1.22
Россия;11.09.2020;1.25
Россия;12.09.2020;2.06
Россия;13.09.2020;2.55
Россия;14.09.2020;1.26
Россия;15.09.2020;1.15
Россия;16.09.2020;1.18
Россия;17.09.2020;1.22
Россия;18.09.2020;1.2
Россия;19.09.2020;2.16
Россия;20.09.2020;2.67
Россия;21.09.2020;1.24
Россия;22.09.2020;1.08
Россия;23.09.2020;1.11
Россия;24.09.2020;1.13
Россия;25.09.2020;1.08
Россия;26.09.2020;2
Россия;27.09.2020;2.54
Россия;28.09.2020;1.2
Россия;29.09.2020;1.14
Россия;30.09.2020;1.13
Россия;01.10.2020;1.13
Россия;02.10.2020;1.2
Россия;03.10.2020;2.19
Россия;04.10.2020;2.7
Россия;05.10.2020;1.32
Россия;06.10.2020;1.26
Россия;07.10.2020;1.29
Россия;08.10.2020;1.29
Россия;09.10.2020;1.3
Россия;10.10.2020;2.26
Россия;11.10.2020;2.77
Россия;12.10.2020;1.41
Россия;13.10.2020;1.29
Россия;14.10.2020;1.3
Россия;15.10.2020;1.3
Россия;16.10.2020;1.34
Россия;17.10.2020;2.34
Россия;18.10.2020;2.92
Россия;19.10.2020;1.48
Россия;20.10.2020;1.43
Россия;21.10.2020;1.47
Россия;22.10.2020;1.49
Россия;23.10.2020;1.47
Россия;24.10.2020;2.44
Россия;25.10.2020;2.93
Россия;26.10.2020;1.64
Россия;27.10.2020;1.58
Россия;28.10.2020;1.61
Россия;29.10.2020;1.62
Россия;30.10.2020;1.63
Россия;31.10.2020;2.54
Россия;01.11.2020;3.01
Россия;02.11.2020;1.75
Россия;03.11.2020;1.72
Россия;04.11.2020;2.76
Россия;05.11.2020;1.71
Россия;06.11.2020;1.73
Россия;07.11.2020;2.61
Россия;08.11.2020;3.07
Россия;09.11.2020;1.68
Россия;10.11.2020;1.61
Россия;11.11.2020;1.63
Россия;12.11.2020;1.62
Россия;13.11.2020;1.59
Россия;14.11.2020;2.5
Россия;15.11.2020;3
Россия;16.11.2020;1.67
Россия;17.11.2020;1.62
Россия;18.11.2020;1.65
Россия;19.11.2020;1.68
Россия;20.11.2020;1.63
Россия;21.11.2020;2.57
Россия;22.11.2020;3.08
Россия;23.11.2020;1.66
Россия;24.11.2020;1.61
Россия;25.11.2020;1.6
Россия;26.11.2020;1.6
Россия;27.11.2020;1.57
Узбекистан;23.02.2020;2.72
Узбекистан;24.02.2020;1.4
Узбекистан;25.02.2020;1.25
Узбекистан;26.02.2020;1.35
Узбекистан;27.02.2020;1.55
Узбекистан;28.02.2020;1.45
Узбекистан;29.02.2020;1.8
Узбекистан;01.03.2020;2.7
Узбекистан;02.03.2020;1.2
Узбекистан;03.03.2020;1.2
Узбекистан;04.03.2020;1.2
Узбекистан;05.03.2020;1.28
Узбекистан;06.03.2020;1.2
Узбекистан;07.03.2020;1.8
Узбекистан;08.03.2020;2.68
Узбекистан;09.03.2020;1.28
Узбекистан;10.03.2020;1.2
Узбекистан;11.03.2020;1.23
Узбекистан;12.03.2020;1.23
Узбекистан;13.03.2020;1.25
Узбекистан;14.03.2020;1.7
Узбекистан;15.03.2020;2.65
Узбекистан;16.03.2020;1.85
Узбекистан;17.03.2020;2
Узбекистан;18.03.2020;2
Узбекистан;19.03.2020;2.02
Узбекистан;20.03.2020;2.17
Узбекистан;21.03.2020;3.15
Узбекистан;22.03.2020;3.22
Узбекистан;23.03.2020;3.1
Узбекистан;24.03.2020;2.72
Узбекистан;25.03.2020;2.95
Узбекистан;26.03.2020;3
Узбекистан;27.03.2020;3.18
Узбекистан;28.03.2020;3.68
Узбекистан;29.03.2020;3.85
Узбекистан;30.03.2020;4.05
Узбекистан;31.03.2020;4.08
Узбекистан;01.04.2020;4.1
Узбекистан;02.04.2020;4.05
Узбекистан;03.04.2020;3.97
Узбекистан;04.04.2020;4.1
Узбекистан;05.04.2020;4.25
Узбекистан;06.04.2020;3.97
Узбекистан;07.04.2020;4.05
Узбекистан;08.04.2020;4.22
Узбекистан;09.04.2020;4.2
Узбекистан;10.04.2020;4.08
Узбекистан;11.04.2020;4.22
Узбекистан;12.04.2020;4.42
Узбекистан;13.04.2020;4.1
Узбекистан;14.04.2020;4.08
Узбекистан;15.04.2020;4.07
Узбекистан;16.04.2020;3.97
Узбекистан;17.04.2020;3.92
Узбекистан;18.04.2020;4.03
Узбекистан;19.04.2020;4.2
Узбекистан;20.04.2020;3.8
Узбекистан;21.04.2020;3.8
Узбекистан;22.04.2020;3.82
Узбекистан;23.04.2020;3.82
Узбекистан;24.04.2020;3.9
Узбекистан;25.04.2020;4
Узбекистан;26.04.2020;4.25
Узбекистан;27.04.2020;3.78
Узбекистан;28.04.2020;3.7
Узбекистан;29.04.2020;3.7
Узбекистан;30.04.2020;3.58
Узбекистан;01.05.2020;3.45
Узбекистан;02.05.2020;3.6
Узбекистан;03.05.2020;3.9
Узбекистан;04.05.2020;3.28
Узбекистан;05.05.2020;3.3
Узбекистан;06.05.2020;3.05
Узбекистан;07.05.2020;3.08
Узбекистан;08.05.2020;3.08
Узбекистан;09.05.2020;3.58
Узбекистан;10.05.2020;3.7
Узбекистан;11.05.2020;2.92
Узбекистан;12.05.2020;2.92
Узбекистан;13.05.2020;3.15
Узбекистан;14.05.2020;3.15
Узбекистан;15.05.2020;3.02
Узбекистан;16.05.2020;3.32
Узбекистан;17.05.2020;3.62
Узбекистан;18.05.2020;2.88
Узбекистан;19.05.2020;2.85
Узбекистан;20.05.2020;2.85
Узбекистан;21.05.2020;2.82
Узбекистан;22.05.2020;2.82
Узбекистан;23.05.2020;3.3
Узбекистан;24.05.2020;3.6
Узбекистан;25.05.2020;2.72
Узбекистан;26.05.2020;2.68
Узбекистан;27.05.2020;2.75
Узбекистан;28.05.2020;2.72
Узбекистан;29.05.2020;2.7
Узбекистан;30.05.2020;2.92
Узбекистан;31.05.2020;3.42
Узбекистан;01.06.2020;2.5
Узбекистан;02.06.2020;2.45
Узбекистан;03.06.2020;2.4
Узбекистан;04.06.2020;2.45
Узбекистан;05.06.2020;2.42
Узбекистан;06.06.2020;2.6
Узбекистан;07.06.2020;3.1
Узбекистан;08.06.2020;2.1
Узбекистан;09.06.2020;2.12
Узбекистан;10.06.2020;2.18
Узбекистан;11.06.2020;2.1
Узбекистан;12.06.2020;2.12
Узбекистан;13.06.2020;2.45
Узбекистан;14.06.2020;3.03
Узбекистан;15.06.2020;1.98
Узбекистан;16.06.2020;1.98
Узбекистан;17.06.2020;1.95
Узбекистан;18.06.2020;2.05
Узбекистан;19.06.2020;2.05
Узбекистан;20.06.2020;2.32
Узбекистан;21.06.2020;3
Узбекистан;22.06.2020;1.98
Узбекистан;23.06.2020;1.98
Узбекистан;24.06.2020;1.95
Узбекистан;25.06.2020;2.03
Узбекистан;26.06.2020;1.98
Узбекистан;27.06.2020;2.22
Узбекистан;28.06.2020;2.9
Узбекистан;29.06.2020;1.88
Узбекистан;30.06.2020;1.9
Узбекистан;01.07.2020;2
Узбекистан;02.07.2020;2.03
Узбекистан;03.07.2020;1.9
Узбекистан;04.07.2020;2.32
Узбекистан;05.07.2020;3
Узбекистан;06.07.2020;1.92
Узбекистан;07.07.2020;1.95
Узбекистан;08.07.2020;1.98
Узбекистан;09.07.2020;1.95
Узбекистан;10.07.2020;2.78
Узбекистан;11.07.2020;3.1
Узбекистан;12.07.2020;3.72
Узбекистан;13.07.2020;2.9
Узбекистан;14.07.2020;2.95
Узбекистан;15.07.2020;3.03
Узбекистан;16.07.2020;3.05
Узбекистан;17.07.2020;3
Узбекистан;18.07.2020;4.45
Узбекистан;19.07.2020;4.57
Узбекистан;20.07.2020;2.97
Узбекистан;21.07.2020;3.08
Узбекистан;22.07.2020;3.12
Узбекистан;23.07.2020;3.2
Узбекистан;24.07.2020;3.1
Узбекистан;25.07.2020;4.32
Узбекистан;26.07.2020;4.47
Узбекистан;27.07.2020;3
Узбекистан;28.07.2020;3.08
Узбекистан;29.07.2020;3.1
Узбекистан;30.07.2020;3.1
Узбекистан;31.07.2020;4.22
Узбекистан;01.08.2020;4.3
Узбекистан;02.08.2020;4.43
Узбекистан;03.08.2020;2.88
Узбекистан;04.08.2020;2.88
Узбекистан;05.08.2020;2.88
Узбекистан;06.08.2020;2.85
Узбекистан;07.08.2020;2.85
Узбекистан;08.08.2020;4.1
Узбекистан;09.08.2020;4.3
Узбекистан;10.08.2020;2.65
Узбекистан;11.08.2020;2.62
Узбекистан;12.08.2020;2.6
Узбекистан;13.08.2020;2.6
Узбекистан;14.08.2020;2.55
Узбекистан;15.08.2020;2.78
Узбекистан;16.08.2020;3.32
Узбекистан;17.08.2020;2.28
Узбекистан;18.08.2020;2.25
Узбекистан;19.08.2020;2.3
Узбекистан;20.08.2020;2.3
Узбекистан;21.08.2020;2.3
Узбекистан;22.08.2020;2.68
Узбекистан;23.08.2020;3.22
Узбекистан;24.08.2020;2.28
Узбекистан;25.08.2020;2.2
Узбекистан;26.08.2020;2.25
Узбекистан;27.08.2020;2.22
Узбекистан;28.08.2020;2.22
Узбекистан;29.08.2020;2.35
Узбекистан;30.08.2020;3.1
Узбекистан;31.08.2020;2.95
Узбекистан;01.09.2020;3.25
Узбекистан;02.09.2020;2.22
Узбекистан;03.09.2020;2.17
Узбекистан;04.09.2020;2.2
Узбекистан;05.09.2020;2.45
Узбекистан;06.09.2020;3
Узбекистан;07.09.2020;2.08
Узбекистан;08.09.2020;1.98
Узбекистан;09.09.2020;2.02
Узбекистан;10.09.2020;2.12
Узбекистан;11.09.2020;2.15
Узбекистан;12.09.2020;2.48
Узбекистан;13.09.2020;3.1
Узбекистан;14.09.2020;2.15
Узбекистан;15.09.2020;2.2
Узбекистан;16.09.2020;2.2
Узбекистан;17.09.2020;2.28
Узбекистан;18.09.2020;2.28
Узбекистан;19.09.2020;2.53
Узбекистан;20.09.2020;3
Узбекистан;21.09.2020;2.22
Узбекистан;22.09.2020;2.15
Узбекистан;23.09.2020;2.22
Узбекистан;24.09.2020;2.3
Узбекистан;25.09.2020;2.3
Узбекистан;26.09.2020;2.5
Узбекистан;27.09.2020;3.1
Узбекистан;28.09.2020;2.2
Узбекистан;29.09.2020;2.2
Узбекистан;30.09.2020;2.22
Узбекистан;01.10.2020;2.78
Узбекистан;02.10.2020;2.2
Узбекистан;03.10.2020;2.52
Узбекистан;04.10.2020;3.12
Узбекистан;05.10.2020;2.12
Узбекистан;06.10.2020;2.2
Узбекистан;07.10.2020;2.12
Узбекистан;08.10.2020;2.15
Узбекистан;09.10.2020;2.2
Узбекистан;10.10.2020;2.48
Узбекистан;11.10.2020;3.08
Узбекистан;12.10.2020;2
Узбекистан;13.10.2020;2.02
Узбекистан;14.10.2020;2
Узбекистан;15.10.2020;2.05
Узбекистан;16.10.2020;2.05
Узбекистан;17.10.2020;2.35
Узбекистан;18.10.2020;2.98
Узбекистан;19.10.2020;2.02
Узбекистан;20.10.2020;2.05
Узбекистан;21.10.2020;2.05
Узбекистан;22.10.2020;2.1
Узбекистан;23.10.2020;2.12
Узбекистан;24.10.2020;2.4
Узбекистан;25.10.2020;3.05
Узбекистан;26.10.2020;2.02
Узбекистан;27.10.2020;2.02
Узбекистан;28.10.2020;2.05
Узбекистан;29.10.2020;2.08
Узбекистан;30.10.2020;2.05
Узбекистан;31.10.2020;2.4
Узбекистан;01.11.2020;3.02
Узбекистан;02.11.2020;2.02
Узбекистан;03.11.2020;1.92
Узбекистан;04.11.2020;1.95
Узбекистан;05.11.2020;1.92
Узбекистан;06.11.2020;1.92
Узбекистан;07.11.2020;2.22
Узбекистан;08.11.2020;2.92
Узбекистан;09.11.2020;1.95
Узбекистан;10.11.2020;1.85
Узбекистан;11.11.2020;1.88
Узбекистан;12.11.2020;2.02
Узбекистан;13.11.2020;1.98
Узбекистан;14.11.2020;2.3
Узбекистан;15.11.2020;2.92
Узбекистан;16.11.2020;1.85
Узбекистан;17.11.2020;1.88
Узбекистан;18.11.2020;1.98
Узбекистан;19.11.2020;2.25
Узбекистан;20.11.2020;2.08
Узбекистан;21.11.2020;2.35
Узбекистан;22.11.2020;3.15
Узбекистан;23.11.2020;2
Узбекистан;24.11.2020;1.95
Узбекистан;25.11.2020;2
Узбекистан;26.11.2020;1.98
Узбекистан;27.11.2020;2